etf_idx,requested_date,response_date,row_order,code,name,quantity,market_value_krw,weight_pct
24,2026-03-09,2026-03-09,1,086520,에코프로,350,59500000,9.63
24,2026-03-09,2026-03-09,2,247540,에코프로비엠,200,40500000,6.56
24,2026-03-09,2026-03-09,3,000250,삼천당제약,48,36672000,5.94
24,2026-03-09,2026-03-09,4,277810,레인보우로보틱스,40,33280000,5.39
24,2026-03-09,2026-03-09,5,298380,에이비엘바이오,159,30257700,4.9
24,2026-03-09,2026-03-09,6,196170,알테오젠,58,21634000,3.5
24,2026-03-09,2026-03-09,7,440110,파두,280,19880000,3.22
24,2026-03-09,2026-03-09,8,058470,리노공업,125,15875000,2.57
24,2026-03-09,2026-03-09,9,141080,리가켐바이오,74,14740800,2.39
24,2026-03-09,2026-03-09,10,448900,한국피아이엠,95,14250000,2.31
24,2026-03-09,2026-03-09,11,491000,리브스메드,150,13695000,2.22
24,2026-03-09,2026-03-09,12,476830,알지노믹스,82,13464400,2.18
24,2026-03-09,2026-03-09,13,240810,원익IPS,95,13091000,2.12
24,2026-03-09,2026-03-09,14,0009K0,에임드바이오,200,13060000,2.12
24,2026-03-09,2026-03-09,15,089970,브이엠,300,13020000,2.11
24,2026-03-09,2026-03-09,16,237690,에스티팜,80,12800000,2.07
24,2026-03-09,2026-03-09,17,108490,로보티즈,50,12525000,2.03
24,2026-03-09,2026-03-09,18,124500,아이티센글로벌,204,12158400,1.97
24,2026-03-09,2026-03-09,19,039030,이오테크닉스,26,11778000,1.91
24,2026-03-09,2026-03-09,20,099320,쎄트렉아이,64,11686400,1.89
24,2026-03-09,2026-03-09,21,357780,솔브레인,22,11022000,1.79
24,2026-03-09,2026-03-09,22,420770,기가비스,150,10695000,1.73
24,2026-03-09,2026-03-09,23,475830,오름테라퓨틱,91,10674300,1.73
24,2026-03-09,2026-03-09,24,456160,지투지바이오,100,10340000,1.67
24,2026-03-09,2026-03-09,25,095340,ISC,44,9306000,1.51
24,2026-03-09,2026-03-09,26,084370,유진테크,62,9176000,1.49
24,2026-03-09,2026-03-09,27,067310,하나마이크론,250,9037500,1.46
24,2026-03-09,2026-03-09,28,310210,보로노이,27,8896500,1.44
24,2026-03-09,2026-03-09,29,058610,에스피지,67,8803800,1.43
24,2026-03-09,2026-03-09,30,036930,주성엔지니어링,130,8723000,1.41
24,2026-03-09,2026-03-09,31,347850,디앤디파마텍,103,8641700,1.4
24,2026-03-09,2026-03-09,32,140410,메지온,62,7756200,1.26
24,2026-03-09,2026-03-09,33,032820,우리기술,371,6392330,1.04
24,2026-03-09,2026-03-09,34,083650,비에이치아이,66,6256800,1.01
24,2026-03-09,2026-03-09,35,107640,한중엔시에스,120,6156000,1.0
24,2026-03-09,2026-03-09,36,218410,RFHIC,85,6077500,0.98
24,2026-03-09,2026-03-09,37,226950,올릭스,29,6003000,0.97
24,2026-03-09,2026-03-09,38,281740,레이크머티리얼즈,266,5985000,0.97
24,2026-03-09,2026-03-09,39,403870,HPSP,125,5981250,0.97
24,2026-03-09,2026-03-09,40,005290,동진쎄미켐,106,5830000,0.94
24,2026-03-09,2026-03-09,41,214370,케어젠,45,5827500,0.94
24,2026-03-09,2026-03-09,42,327260,RF머트리얼즈,111,5760900,0.93
24,2026-03-09,2026-03-09,43,039200,오스코텍,106,5448400,0.88
24,2026-03-09,2026-03-09,44,263750,펄어비스,90,5292000,0.86
24,2026-03-09,2026-03-09,45,174900,앱클론,46,3059000,0.5
24,2026-03-09,2026-03-09,46,354320,알멕,56,3007200,0.49
24,2026-03-09,2026-03-09,47,048410,현대바이오,195,2973750,0.48
24,2026-03-09,2026-03-09,48,290650,엘앤씨바이오,32,2819200,0.46
24,2026-03-09,2026-03-09,49,171090,선익시스템,22,2796200,0.45
24,2026-03-09,2026-03-09,50,122870,와이지엔터테인먼트,39,2710500,0.44
24,2026-03-09,2026-03-09,51,SPECIAL::현금,현금,2293190,2293190,0.37
24,2026-03-10,2026-03-10,1,086520,에코프로,350,57330000,9.76
24,2026-03-10,2026-03-10,2,247540,에코프로비엠,200,40500000,6.89
24,2026-03-10,2026-03-10,3,000250,삼천당제약,48,36816000,6.27
24,2026-03-10,2026-03-10,4,298380,에이비엘바이오,159,30162300,5.13
24,2026-03-10,2026-03-10,5,277810,레인보우로보틱스,40,29560000,5.03
24,2026-03-10,2026-03-10,6,196170,알테오젠,58,21257000,3.62
24,2026-03-10,2026-03-10,7,440110,파두,280,17976000,3.06
24,2026-03-10,2026-03-10,8,058470,리노공업,125,14775000,2.52
24,2026-03-10,2026-03-10,9,141080,리가켐바이오,74,14082200,2.4
24,2026-03-10,2026-03-10,10,476830,알지노믹스,82,13964600,2.38
24,2026-03-10,2026-03-10,11,237690,에스티팜,80,12968000,2.21
24,2026-03-10,2026-03-10,12,448900,한국피아이엠,95,12825000,2.18
24,2026-03-10,2026-03-10,13,0009K0,에임드바이오,200,12540000,2.13
24,2026-03-10,2026-03-10,14,491000,리브스메드,150,12480000,2.12
24,2026-03-10,2026-03-10,15,089970,브이엠,300,11970000,2.04
24,2026-03-10,2026-03-10,16,240810,원익IPS,95,11808500,2.01
24,2026-03-10,2026-03-10,17,108490,로보티즈,50,11650000,1.98
24,2026-03-10,2026-03-10,18,124500,아이티센글로벌,204,11403600,1.94
24,2026-03-10,2026-03-10,19,099320,쎄트렉아이,64,11065600,1.88
24,2026-03-10,2026-03-10,20,039030,이오테크닉스,26,10738000,1.83
24,2026-03-10,2026-03-10,21,357780,솔브레인,22,10329000,1.76
24,2026-03-10,2026-03-10,22,475830,오름테라퓨틱,91,9582300,1.63
24,2026-03-10,2026-03-10,23,456160,지투지바이오,100,9560000,1.63
24,2026-03-10,2026-03-10,24,420770,기가비스,150,9480000,1.61
24,2026-03-10,2026-03-10,25,058610,에스피지,67,8582700,1.46
24,2026-03-10,2026-03-10,26,310210,보로노이,27,8491500,1.45
24,2026-03-10,2026-03-10,27,095340,ISC,44,8426000,1.43
24,2026-03-10,2026-03-10,28,084370,유진테크,62,8301800,1.41
24,2026-03-10,2026-03-10,29,347850,디앤디파마텍,103,8126700,1.38
24,2026-03-10,2026-03-10,30,067310,하나마이크론,250,7987500,1.36
24,2026-03-10,2026-03-10,31,140410,메지온,62,7874000,1.34
24,2026-03-10,2026-03-10,32,036930,주성엔지니어링,130,7787000,1.33
24,2026-03-10,2026-03-10,33,083650,비에이치아이,66,6448200,1.1
24,2026-03-10,2026-03-10,34,032820,우리기술,371,6418300,1.09
24,2026-03-10,2026-03-10,35,263750,펄어비스,90,5949000,1.01
24,2026-03-10,2026-03-10,36,226950,올릭스,29,5887000,1.0
24,2026-03-10,2026-03-10,37,214370,케어젠,45,5850000,1.0
24,2026-03-10,2026-03-10,38,107640,한중엔시에스,120,5724000,0.97
24,2026-03-10,2026-03-10,39,281740,레이크머티리얼즈,266,5559400,0.95
24,2026-03-10,2026-03-10,40,403870,HPSP,125,5437500,0.93
24,2026-03-10,2026-03-10,41,218410,RFHIC,85,5372000,0.91
24,2026-03-10,2026-03-10,42,039200,오스코텍,106,5353000,0.91
24,2026-03-10,2026-03-10,43,005290,동진쎄미켐,106,5231100,0.89
24,2026-03-10,2026-03-10,44,327260,RF머트리얼즈,111,5194800,0.88
24,2026-03-10,2026-03-10,45,048410,현대바이오,195,3004950,0.51
24,2026-03-10,2026-03-10,46,174900,앱클론,46,2902600,0.49
24,2026-03-10,2026-03-10,47,354320,알멕,56,2704800,0.46
24,2026-03-10,2026-03-10,48,171090,선익시스템,22,2688400,0.46
24,2026-03-10,2026-03-10,49,290650,엘앤씨바이오,32,2624000,0.45
24,2026-03-10,2026-03-10,50,122870,와이지엔터테인먼트,39,2523300,0.43
24,2026-03-10,2026-03-10,51,SPECIAL::현금,현금,2280574,2280574,0.39
24,2026-03-11,2026-03-11,1,086520,에코프로,350,57575000,9.45
24,2026-03-11,2026-03-11,2,247540,에코프로비엠,200,40600000,6.66
24,2026-03-11,2026-03-11,3,000250,삼천당제약,48,37728000,6.19
24,2026-03-11,2026-03-11,4,277810,레인보우로보틱스,40,30640000,5.03
24,2026-03-11,2026-03-11,5,298380,에이비엘바이오,159,29446800,4.83
24,2026-03-11,2026-03-11,6,196170,알테오젠,58,21779000,3.57
24,2026-03-11,2026-03-11,7,440110,파두,280,17836000,2.93
24,2026-03-11,2026-03-11,8,448900,한국피아이엠,95,16140500,2.65
24,2026-03-11,2026-03-11,9,058470,리노공업,125,14937500,2.45
24,2026-03-11,2026-03-11,10,476830,알지노믹스,82,14013800,2.3
24,2026-03-11,2026-03-11,11,141080,리가켐바이오,74,13357000,2.19
24,2026-03-11,2026-03-11,12,108490,로보티즈,50,12925000,2.12
24,2026-03-11,2026-03-11,13,0009K0,에임드바이오,200,12880000,2.11
24,2026-03-11,2026-03-11,14,237690,에스티팜,80,12768000,2.1
24,2026-03-11,2026-03-11,15,124500,아이티센글로벌,204,12709200,2.09
24,2026-03-11,2026-03-11,16,491000,리브스메드,150,12645000,2.08
24,2026-03-11,2026-03-11,17,089970,브이엠,300,12405000,2.04
24,2026-03-11,2026-03-11,18,099320,쎄트렉아이,64,12224000,2.01
24,2026-03-11,2026-03-11,19,240810,원익IPS,95,11960500,1.96
24,2026-03-11,2026-03-11,20,420770,기가비스,150,11100000,1.82
24,2026-03-11,2026-03-11,21,039030,이오테크닉스,26,10894000,1.79
24,2026-03-11,2026-03-11,22,475830,오름테라퓨틱,91,10692500,1.75
24,2026-03-11,2026-03-11,23,357780,솔브레인,22,10681000,1.75
24,2026-03-11,2026-03-11,24,456160,지투지바이오,100,10200000,1.67
24,2026-03-11,2026-03-11,25,036930,주성엔지니어링,130,9100000,1.49
24,2026-03-11,2026-03-11,26,058610,에스피지,67,9045000,1.48
24,2026-03-11,2026-03-11,27,310210,보로노이,27,8640000,1.42
24,2026-03-11,2026-03-11,28,067310,하나마이크론,250,8537500,1.4
24,2026-03-11,2026-03-11,29,347850,디앤디파마텍,103,8446000,1.39
24,2026-03-11,2026-03-11,30,095340,ISC,44,8166400,1.34
24,2026-03-11,2026-03-11,31,084370,유진테크,62,8016600,1.32
24,2026-03-11,2026-03-11,32,140410,메지온,62,7991800,1.31
24,2026-03-11,2026-03-11,33,032820,우리기술,371,7661150,1.26
24,2026-03-11,2026-03-11,34,083650,비에이치아이,66,6930000,1.14
24,2026-03-11,2026-03-11,35,327260,RF머트리얼즈,111,6748800,1.11
24,2026-03-11,2026-03-11,36,107640,한중엔시에스,120,6360000,1.04
24,2026-03-11,2026-03-11,37,218410,RFHIC,85,6349500,1.04
24,2026-03-11,2026-03-11,38,214370,케어젠,45,5913000,0.97
24,2026-03-11,2026-03-11,39,263750,펄어비스,90,5805000,0.95
24,2026-03-11,2026-03-11,40,281740,레이크머티리얼즈,266,5798800,0.95
24,2026-03-11,2026-03-11,41,403870,HPSP,125,5712500,0.94
24,2026-03-11,2026-03-11,42,005290,동진쎄미켐,106,5575600,0.92
24,2026-03-11,2026-03-11,43,226950,올릭스,29,5399800,0.89
24,2026-03-11,2026-03-11,44,039200,오스코텍,106,5284100,0.87
24,2026-03-11,2026-03-11,45,174900,앱클론,46,3289000,0.54
24,2026-03-11,2026-03-11,46,354320,알멕,56,3164000,0.52
24,2026-03-11,2026-03-11,47,048410,현대바이오,195,3067350,0.5
24,2026-03-11,2026-03-11,48,171090,선익시스템,22,2807200,0.46
24,2026-03-11,2026-03-11,49,290650,엘앤씨바이오,32,2649600,0.44
24,2026-03-11,2026-03-11,50,122870,와이지엔터테인먼트,39,2597400,0.43
24,2026-03-11,2026-03-11,51,SPECIAL::현금,현금,2266156,2266156,0.37
24,2026-03-12,2026-03-12,1,086520,에코프로,350,56560000,9.45
24,2026-03-12,2026-03-12,2,247540,에코프로비엠,200,39500000,6.6
24,2026-03-12,2026-03-12,3,000250,삼천당제약,48,37152000,6.21
24,2026-03-12,2026-03-12,4,277810,레인보우로보틱스,40,29920000,5.0
24,2026-03-12,2026-03-12,5,298380,에이비엘바이오,159,29001600,4.84
24,2026-03-12,2026-03-12,6,196170,알테오젠,58,20880000,3.49
24,2026-03-12,2026-03-12,7,440110,파두,280,17696000,2.96
24,2026-03-12,2026-03-12,8,058470,리노공업,125,14212500,2.37
24,2026-03-12,2026-03-12,9,124500,아이티센글로벌,204,13708800,2.29
24,2026-03-12,2026-03-12,10,476830,알지노믹스,82,13677600,2.29
24,2026-03-12,2026-03-12,11,141080,리가켐바이오,74,13290400,2.22
24,2026-03-12,2026-03-12,12,491000,리브스메드,150,13170000,2.2
24,2026-03-12,2026-03-12,13,0009K0,에임드바이오,200,13020000,2.18
24,2026-03-12,2026-03-12,14,448900,한국피아이엠,95,13015000,2.17
24,2026-03-12,2026-03-12,15,237690,에스티팜,80,12712000,2.12
24,2026-03-12,2026-03-12,16,108490,로보티즈,50,12450000,2.08
24,2026-03-12,2026-03-12,17,099320,쎄트렉아이,64,12204800,2.04
24,2026-03-12,2026-03-12,18,089970,브이엠,300,12000000,2.0
24,2026-03-12,2026-03-12,19,420770,기가비스,150,11610000,1.94
24,2026-03-12,2026-03-12,20,240810,원익IPS,95,11400000,1.9
24,2026-03-12,2026-03-12,21,475830,오름테라퓨틱,91,10910900,1.82
24,2026-03-12,2026-03-12,22,456160,지투지바이오,100,10600000,1.77
24,2026-03-12,2026-03-12,23,039030,이오테크닉스,26,10361000,1.73
24,2026-03-12,2026-03-12,24,357780,솔브레인,22,9724000,1.62
24,2026-03-12,2026-03-12,25,310210,보로노이,27,8883000,1.48
24,2026-03-12,2026-03-12,26,058610,에스피지,67,8790400,1.47
24,2026-03-12,2026-03-12,27,036930,주성엔지니어링,130,8710000,1.46
24,2026-03-12,2026-03-12,28,032820,우리기술,371,8421700,1.41
24,2026-03-12,2026-03-12,29,347850,디앤디파마텍,103,8260600,1.38
24,2026-03-12,2026-03-12,30,067310,하나마이크론,250,8050000,1.35
24,2026-03-12,2026-03-12,31,084370,유진테크,62,7700400,1.29
24,2026-03-12,2026-03-12,32,095340,ISC,44,7673600,1.28
24,2026-03-12,2026-03-12,33,218410,RFHIC,85,7616000,1.27
24,2026-03-12,2026-03-12,34,140410,메지온,62,7458600,1.25
24,2026-03-12,2026-03-12,35,327260,RF머트리얼즈,111,7381500,1.23
24,2026-03-12,2026-03-12,36,107640,한중엔시에스,120,6900000,1.15
24,2026-03-12,2026-03-12,37,083650,비에이치아이,66,6626400,1.11
24,2026-03-12,2026-03-12,38,214370,케어젠,45,5544000,0.93
24,2026-03-12,2026-03-12,39,281740,레이크머티리얼즈,266,5532800,0.92
24,2026-03-12,2026-03-12,40,263750,펄어비스,90,5526000,0.92
24,2026-03-12,2026-03-12,41,403870,HPSP,125,5450000,0.91
24,2026-03-12,2026-03-12,42,005290,동진쎄미켐,106,5331800,0.89
24,2026-03-12,2026-03-12,43,226950,올릭스,29,5220000,0.87
24,2026-03-12,2026-03-12,44,039200,오스코텍,106,5077400,0.85
24,2026-03-12,2026-03-12,45,354320,알멕,56,3511200,0.59
24,2026-03-12,2026-03-12,46,174900,앱클론,46,3358000,0.56
24,2026-03-12,2026-03-12,47,486990,노타,80,2984000,0.5
24,2026-03-12,2026-03-12,48,048410,현대바이오,195,2930850,0.49
24,2026-03-12,2026-03-12,49,171090,선익시스템,22,2618000,0.44
24,2026-03-12,2026-03-12,50,290650,엘앤씨바이오,32,2592000,0.43
24,2026-03-12,2026-03-12,51,122870,와이지엔터테인먼트,39,2480400,0.41
24,2026-03-12,2026-03-12,52,SPECIAL::현금,현금,2286483,2286483,0.38
24,2026-03-12,2026-03-12,53,253590,네오셈,100,1973000,0.33
24,2026-03-13,2026-03-13,1,086520,에코프로,310,48980000,8.08
24,2026-03-13,2026-03-13,2,000250,삼천당제약,48,37776000,6.23
24,2026-03-13,2026-03-13,3,247540,에코프로비엠,180,35586000,5.87
24,2026-03-13,2026-03-13,4,277810,레인보우로보틱스,40,30400000,5.01
24,2026-03-13,2026-03-13,5,298380,에이비엘바이오,159,28810800,4.75
24,2026-03-13,2026-03-13,6,124500,아이티센글로벌,280,20132000,3.32
24,2026-03-13,2026-03-13,7,440110,파두,300,19980000,3.3
24,2026-03-13,2026-03-13,8,476830,알지노믹스,100,17960000,2.96
24,2026-03-13,2026-03-13,9,475830,오름테라퓨틱,120,15840000,2.61
24,2026-03-13,2026-03-13,10,196170,알테오젠,40,14900000,2.46
24,2026-03-13,2026-03-13,11,058470,리노공업,125,14725000,2.43
24,2026-03-13,2026-03-13,12,0009K0,에임드바이오,200,14060000,2.32
24,2026-03-13,2026-03-13,13,141080,리가켐바이오,74,13593800,2.24
24,2026-03-13,2026-03-13,14,099320,쎄트렉아이,64,13312000,2.2
24,2026-03-13,2026-03-13,15,491000,리브스메드,150,13155000,2.17
24,2026-03-13,2026-03-13,16,108490,로보티즈,50,12825000,2.12
24,2026-03-13,2026-03-13,17,237690,에스티팜,80,12592000,2.08
24,2026-03-13,2026-03-13,18,448900,한국피아이엠,95,12226500,2.02
24,2026-03-13,2026-03-13,19,089970,브이엠,300,11865000,1.96
24,2026-03-13,2026-03-13,20,240810,원익IPS,95,11732500,1.94
24,2026-03-13,2026-03-13,21,420770,기가비스,150,11475000,1.89
24,2026-03-13,2026-03-13,22,456160,지투지바이오,100,11350000,1.87
24,2026-03-13,2026-03-13,23,039030,이오테크닉스,26,10673000,1.76
24,2026-03-13,2026-03-13,24,310210,보로노이,27,8815500,1.45
24,2026-03-13,2026-03-13,25,058610,에스피지,67,8790400,1.45
24,2026-03-13,2026-03-13,26,036930,주성엔지니어링,130,8593000,1.42
24,2026-03-13,2026-03-13,27,347850,디앤디파마텍,103,8240000,1.36
24,2026-03-13,2026-03-13,28,032820,우리기술,371,8124900,1.34
24,2026-03-13,2026-03-13,29,084370,유진테크,62,7898800,1.3
24,2026-03-13,2026-03-13,30,067310,하나마이크론,250,7850000,1.29
24,2026-03-13,2026-03-13,31,095340,ISC,44,7836400,1.29
24,2026-03-13,2026-03-13,32,140410,메지온,62,7533000,1.24
24,2026-03-13,2026-03-13,33,107640,한중엔시에스,120,7356000,1.21
24,2026-03-13,2026-03-13,34,218410,RFHIC,85,7148500,1.18
24,2026-03-13,2026-03-13,35,327260,RF머트리얼즈,111,7148400,1.18
24,2026-03-13,2026-03-13,36,083650,비에이치아이,66,6580200,1.09
24,2026-03-13,2026-03-13,37,SPECIAL::현금,현금,5726632,5726632,0.94
24,2026-03-13,2026-03-13,38,214370,케어젠,45,5602500,0.92
24,2026-03-13,2026-03-13,39,281740,레이크머티리얼즈,266,5519500,0.91
24,2026-03-13,2026-03-13,40,263750,펄어비스,90,5409000,0.89
24,2026-03-13,2026-03-13,41,403870,HPSP,125,5406250,0.89
24,2026-03-13,2026-03-13,42,005290,동진쎄미켐,106,5384800,0.89
24,2026-03-13,2026-03-13,43,357780,솔브레인,12,5262000,0.87
24,2026-03-13,2026-03-13,44,226950,올릭스,29,5240300,0.86
24,2026-03-13,2026-03-13,45,039200,오스코텍,106,5093300,0.84
24,2026-03-13,2026-03-13,46,174900,앱클론,46,3661600,0.6
24,2026-03-13,2026-03-13,47,486990,노타,80,3556000,0.59
24,2026-03-13,2026-03-13,48,354320,알멕,56,3388000,0.56
24,2026-03-13,2026-03-13,49,171090,선익시스템,22,2618000,0.43
24,2026-03-13,2026-03-13,50,290650,엘앤씨바이오,32,2531200,0.42
24,2026-03-13,2026-03-13,51,122870,와이지엔터테인먼트,39,2460900,0.41
24,2026-03-13,2026-03-13,52,253590,네오셈,100,2030000,0.34
24,2026-03-13,2026-03-13,53,048410,현대바이오,100,1665000,0.28
24,2026-03-16,2026-03-16,1,298380,에이비엘바이오,210,39480000,6.49
24,2026-03-16,2026-03-16,2,000250,삼천당제약,48,37056000,6.09
24,2026-03-16,2026-03-16,3,277810,레인보우로보틱스,45,33795000,5.56
24,2026-03-16,2026-03-16,4,086520,에코프로,150,22575000,3.71
24,2026-03-16,2026-03-16,5,440110,파두,320,21184000,3.48
24,2026-03-16,2026-03-16,6,491000,리브스메드,230,20401000,3.36
24,2026-03-16,2026-03-16,7,141080,리가켐바이오,100,20100000,3.31
24,2026-03-16,2026-03-16,8,124500,아이티센글로벌,280,19740000,3.25
24,2026-03-16,2026-03-16,9,476830,알지노믹스,100,19260000,3.17
24,2026-03-16,2026-03-16,10,475830,오름테라퓨틱,120,16740000,2.75
24,2026-03-16,2026-03-16,11,0009K0,에임드바이오,230,15962000,2.63
24,2026-03-16,2026-03-16,12,456160,지투지바이오,120,14256000,2.35
24,2026-03-16,2026-03-16,13,058470,리노공업,125,14187500,2.33
24,2026-03-16,2026-03-16,14,108490,로보티즈,50,12925000,2.13
24,2026-03-16,2026-03-16,15,237690,에스티팜,80,12856000,2.11
24,2026-03-16,2026-03-16,16,099320,쎄트렉아이,64,12428800,2.04
24,2026-03-16,2026-03-16,17,089970,브이엠,300,11610000,1.91
24,2026-03-16,2026-03-16,18,448900,한국피아이엠,95,11400000,1.88
24,2026-03-16,2026-03-16,19,240810,원익IPS,95,11305000,1.86
24,2026-03-16,2026-03-16,20,196170,알테오젠,30,10845000,1.78
24,2026-03-16,2026-03-16,21,420770,기가비스,150,10845000,1.78
24,2026-03-16,2026-03-16,22,039030,이오테크닉스,26,10673000,1.76
24,2026-03-16,2026-03-16,23,SPECIAL::현금,현금,10302320,10302320,1.69
24,2026-03-16,2026-03-16,24,310210,보로노이,27,9814500,1.61
24,2026-03-16,2026-03-16,25,347850,디앤디파마텍,103,9506900,1.56
24,2026-03-16,2026-03-16,26,058610,에스피지,67,8730100,1.44
24,2026-03-16,2026-03-16,27,036930,주성엔지니어링,130,8593000,1.41
24,2026-03-16,2026-03-16,28,083650,비에이치아이,80,8288000,1.36
24,2026-03-16,2026-03-16,29,095340,ISC,44,8157600,1.34
24,2026-03-16,2026-03-16,30,067310,하나마이크론,250,7912500,1.3
24,2026-03-16,2026-03-16,31,327260,RF머트리얼즈,111,7636800,1.26
24,2026-03-16,2026-03-16,32,084370,유진테크,62,7533000,1.24
24,2026-03-16,2026-03-16,33,032820,우리기술,299,7310550,1.2
24,2026-03-16,2026-03-16,34,107640,한중엔시에스,120,7260000,1.19
24,2026-03-16,2026-03-16,35,218410,RFHIC,85,7208000,1.19
24,2026-03-16,2026-03-16,36,486990,노타,150,6862500,1.13
24,2026-03-16,2026-03-16,37,039200,오스코텍,106,5946600,0.98
24,2026-03-16,2026-03-16,38,226950,올릭스,29,5684000,0.94
24,2026-03-16,2026-03-16,39,214370,케어젠,45,5355000,0.88
24,2026-03-16,2026-03-16,40,403870,HPSP,125,5331250,0.88
24,2026-03-16,2026-03-16,41,005290,동진쎄미켐,106,5310600,0.87
24,2026-03-16,2026-03-16,42,281740,레이크머티리얼즈,266,5293400,0.87
24,2026-03-16,2026-03-16,43,347700,스피어,101,5292400,0.87
24,2026-03-16,2026-03-16,44,357780,솔브레인,12,5178000,0.85
24,2026-03-16,2026-03-16,45,140410,메지온,40,4988000,0.82
24,2026-03-16,2026-03-16,46,458870,씨어스테크놀로지,30,4818000,0.79
24,2026-03-16,2026-03-16,47,064760,티씨케이,20,4650000,0.77
24,2026-03-16,2026-03-16,48,468530,프로티나,50,4250000,0.7
24,2026-03-16,2026-03-16,49,174900,앱클론,46,4098600,0.67
24,2026-03-16,2026-03-16,50,290550,디케이티,200,3708000,0.61
24,2026-03-16,2026-03-16,51,309710,아이티켐,100,3415000,0.56
24,2026-03-16,2026-03-16,52,354320,알멕,56,3416000,0.56
24,2026-03-16,2026-03-16,53,060370,LS마린솔루션,100,3300000,0.54
24,2026-03-16,2026-03-16,54,263750,펄어비스,41,2697800,0.44
24,2026-03-16,2026-03-16,55,171090,선익시스템,22,2574000,0.42
24,2026-03-16,2026-03-16,56,122870,와이지엔터테인먼트,39,2476500,0.41
24,2026-03-16,2026-03-16,57,253590,네오셈,121,2384910,0.39
24,2026-03-16,2026-03-16,58,417200,LS머트리얼즈,100,2285000,0.38
24,2026-03-16,2026-03-16,59,048410,현대바이오,52,867880,0.14
24,2026-03-17,2026-03-17,1,298380,에이비엘바이오,210,39270000,6.6
24,2026-03-17,2026-03-17,2,000250,삼천당제약,48,35040000,5.89
24,2026-03-17,2026-03-17,3,277810,레인보우로보틱스,45,32400000,5.45
24,2026-03-17,2026-03-17,4,440110,파두,320,22176000,3.73
24,2026-03-17,2026-03-17,5,086520,에코프로,150,21885000,3.68
24,2026-03-17,2026-03-17,6,141080,리가켐바이오,100,20100000,3.38
24,2026-03-17,2026-03-17,7,124500,아이티센글로벌,280,19432000,3.27
24,2026-03-17,2026-03-17,8,476830,알지노믹스,100,19390000,3.26
24,2026-03-17,2026-03-17,9,491000,리브스메드,230,19251000,3.24
24,2026-03-17,2026-03-17,10,475830,오름테라퓨틱,120,15732000,2.65
24,2026-03-17,2026-03-17,11,0009K0,에임드바이오,230,14789000,2.49
24,2026-03-17,2026-03-17,12,058470,리노공업,125,14000000,2.35
24,2026-03-17,2026-03-17,13,108490,로보티즈,50,12450000,2.09
24,2026-03-17,2026-03-17,14,237690,에스티팜,80,12408000,2.09
24,2026-03-17,2026-03-17,15,099320,쎄트렉아이,64,12364800,2.08
24,2026-03-17,2026-03-17,16,456160,지투지바이오,120,12024000,2.02
24,2026-03-17,2026-03-17,17,089970,브이엠,300,12000000,2.02
24,2026-03-17,2026-03-17,18,240810,원익IPS,95,11504500,1.93
24,2026-03-17,2026-03-17,19,448900,한국피아이엠,95,10687500,1.8
24,2026-03-17,2026-03-17,20,039030,이오테크닉스,26,10660000,1.79
24,2026-03-17,2026-03-17,21,196170,알테오젠,30,10650000,1.79
24,2026-03-17,2026-03-17,22,420770,기가비스,150,10515000,1.77
24,2026-03-17,2026-03-17,23,095340,ISC,44,9680000,1.63
24,2026-03-17,2026-03-17,24,310210,보로노이,27,9382500,1.58
24,2026-03-17,2026-03-17,25,347850,디앤디파마텍,103,9022800,1.52
24,2026-03-17,2026-03-17,26,SPECIAL::현금,현금,8727911,8727911,1.47
24,2026-03-17,2026-03-17,27,058610,에스피지,67,8495600,1.43
24,2026-03-17,2026-03-17,28,036930,주성엔지니어링,130,8333000,1.4
24,2026-03-17,2026-03-17,29,083650,비에이치아이,80,8120000,1.37
24,2026-03-17,2026-03-17,30,067310,하나마이크론,250,8012500,1.35
24,2026-03-17,2026-03-17,31,084370,유진테크,62,7551600,1.27
24,2026-03-17,2026-03-17,32,107640,한중엔시에스,120,7236000,1.22
24,2026-03-17,2026-03-17,33,327260,RF머트리얼즈,111,7215000,1.21
24,2026-03-17,2026-03-17,34,032820,우리기술,299,7176000,1.21
24,2026-03-17,2026-03-17,35,486990,노타,150,6997500,1.18
24,2026-03-17,2026-03-17,36,218410,RFHIC,85,6732000,1.13
24,2026-03-17,2026-03-17,37,039200,오스코텍,106,6285800,1.06
24,2026-03-17,2026-03-17,38,403870,HPSP,125,5481250,0.92
24,2026-03-17,2026-03-17,39,226950,올릭스,29,5414300,0.91
24,2026-03-17,2026-03-17,40,347700,스피어,101,5332800,0.9
24,2026-03-17,2026-03-17,41,005290,동진쎄미켐,106,5310600,0.89
24,2026-03-17,2026-03-17,42,214370,케어젠,45,5184000,0.87
24,2026-03-17,2026-03-17,43,281740,레이크머티리얼즈,266,5187000,0.87
24,2026-03-17,2026-03-17,44,357780,솔브레인,12,5088000,0.86
24,2026-03-17,2026-03-17,45,458870,씨어스테크놀로지,30,5082000,0.85
24,2026-03-17,2026-03-17,46,064760,티씨케이,20,4850000,0.82
24,2026-03-17,2026-03-17,47,140410,메지온,40,4540000,0.76
24,2026-03-17,2026-03-17,48,468530,프로티나,50,4540000,0.76
24,2026-03-17,2026-03-17,49,174900,앱클론,46,4071000,0.68
24,2026-03-17,2026-03-17,50,290550,디케이티,200,3800000,0.64
24,2026-03-17,2026-03-17,51,309710,아이티켐,100,3620000,0.61
24,2026-03-17,2026-03-17,52,354320,알멕,56,3376800,0.57
24,2026-03-17,2026-03-17,53,060370,LS마린솔루션,100,3155000,0.53
24,2026-03-17,2026-03-17,54,263750,펄어비스,41,2808500,0.47
24,2026-03-17,2026-03-17,55,171090,선익시스템,22,2488200,0.42
24,2026-03-17,2026-03-17,56,122870,와이지엔터테인먼트,39,2410200,0.41
24,2026-03-17,2026-03-17,57,253590,네오셈,121,2380070,0.4
24,2026-03-17,2026-03-17,58,417200,LS머트리얼즈,100,2155000,0.36
24,2026-03-17,2026-03-17,59,048410,현대바이오,52,819000,0.14
24,2026-03-18,2026-03-18,1,298380,에이비엘바이오,210,40110000,6.87
24,2026-03-18,2026-03-18,2,000250,삼천당제약,48,35472000,6.08
24,2026-03-18,2026-03-18,3,277810,레인보우로보틱스,45,32445000,5.56
24,2026-03-18,2026-03-18,4,141080,리가켐바이오,100,21000000,3.6
24,2026-03-18,2026-03-18,5,440110,파두,319,20001300,3.43
24,2026-03-18,2026-03-18,6,124500,아이티센글로벌,280,19628000,3.36
24,2026-03-18,2026-03-18,7,491000,리브스메드,230,19274000,3.3
24,2026-03-18,2026-03-18,8,476830,알지노믹스,100,18580000,3.18
24,2026-03-18,2026-03-18,9,086520,에코프로,110,16423000,2.81
24,2026-03-18,2026-03-18,10,475830,오름테라퓨틱,120,14580000,2.5
24,2026-03-18,2026-03-18,11,SPECIAL::현금,현금,14462378,14462378,2.48
24,2026-03-18,2026-03-18,12,058470,리노공업,125,13750000,2.36
24,2026-03-18,2026-03-18,13,0009K0,에임드바이오,228,13680000,2.34
24,2026-03-18,2026-03-18,14,095340,ISC,60,12660000,2.17
24,2026-03-18,2026-03-18,15,108490,로보티즈,50,12600000,2.16
24,2026-03-18,2026-03-18,16,089970,브이엠,300,12315000,2.11
24,2026-03-18,2026-03-18,17,237690,에스티팜,80,12272000,2.1
24,2026-03-18,2026-03-18,18,099320,쎄트렉아이,64,12000000,2.06
24,2026-03-18,2026-03-18,19,240810,원익IPS,95,11267000,1.93
24,2026-03-18,2026-03-18,20,196170,알테오젠,31,10989500,1.88
24,2026-03-18,2026-03-18,21,420770,기가비스,150,10560000,1.81
24,2026-03-18,2026-03-18,22,448900,한국피아이엠,95,10545000,1.81
24,2026-03-18,2026-03-18,23,039030,이오테크닉스,26,10257000,1.76
24,2026-03-18,2026-03-18,24,310210,보로노이,27,9369000,1.61
24,2026-03-18,2026-03-18,25,226950,올릭스,50,9330000,1.6
24,2026-03-18,2026-03-18,26,347850,디앤디파마텍,103,8600500,1.47
24,2026-03-18,2026-03-18,27,058610,에스피지,67,8375000,1.44
24,2026-03-18,2026-03-18,28,083650,비에이치아이,79,8302900,1.42
24,2026-03-18,2026-03-18,29,036930,주성엔지니어링,130,7943000,1.36
24,2026-03-18,2026-03-18,30,067310,하나마이크론,250,7812500,1.34
24,2026-03-18,2026-03-18,31,084370,유진테크,62,7526800,1.29
24,2026-03-18,2026-03-18,32,456160,지투지바이오,80,7480000,1.28
24,2026-03-18,2026-03-18,33,032820,우리기술,305,7350500,1.26
24,2026-03-18,2026-03-18,34,218410,RFHIC,85,6621500,1.13
24,2026-03-18,2026-03-18,35,486990,노타,146,6591900,1.13
24,2026-03-18,2026-03-18,36,107640,한중엔시에스,120,6516000,1.12
24,2026-03-18,2026-03-18,37,327260,RF머트리얼즈,111,6249300,1.07
24,2026-03-18,2026-03-18,38,039200,오스코텍,106,5819400,1.0
24,2026-03-18,2026-03-18,39,357780,솔브레인,12,5064000,0.87
24,2026-03-18,2026-03-18,40,458870,씨어스테크놀로지,30,4992000,0.86
24,2026-03-18,2026-03-18,41,214370,케어젠,45,4887000,0.84
24,2026-03-18,2026-03-18,42,064760,티씨케이,20,4610000,0.79
24,2026-03-18,2026-03-18,43,417200,LS머트리얼즈,200,4400000,0.75
24,2026-03-18,2026-03-18,44,468530,프로티나,50,4295000,0.74
24,2026-03-18,2026-03-18,45,281740,레이크머티리얼즈,202,3981420,0.68
24,2026-03-18,2026-03-18,46,253590,네오셈,200,3830000,0.66
24,2026-03-18,2026-03-18,47,174900,앱클론,46,3818000,0.65
24,2026-03-18,2026-03-18,48,213420,덕산네오룩스,80,3728000,0.64
24,2026-03-18,2026-03-18,49,290550,디케이티,201,3618000,0.62
24,2026-03-18,2026-03-18,50,309710,아이티켐,96,3489600,0.6
24,2026-03-18,2026-03-18,51,441270,파인엠텍,300,3165000,0.54
24,2026-03-18,2026-03-18,52,060370,LS마린솔루션,101,3115850,0.53
24,2026-03-18,2026-03-18,53,354320,알멕,56,2884000,0.49
24,2026-03-18,2026-03-18,54,263750,펄어비스,43,2734800,0.47
24,2026-03-18,2026-03-18,55,403870,HPSP,60,2643000,0.45
24,2026-03-18,2026-03-18,56,347700,스피어,50,2520000,0.43
24,2026-03-18,2026-03-18,57,005290,동진쎄미켐,50,2462500,0.42
24,2026-03-18,2026-03-18,58,122870,와이지엔터테인먼트,39,2429700,0.42
24,2026-03-18,2026-03-18,59,171090,선익시스템,22,2380400,0.41
24,2026-03-19,2026-03-19,1,298380,에이비엘바이오,210,41055000,6.83
24,2026-03-19,2026-03-19,2,000250,삼천당제약,48,37632000,6.26
24,2026-03-19,2026-03-19,3,277810,레인보우로보틱스,45,33300000,5.54
24,2026-03-19,2026-03-19,4,141080,리가켐바이오,100,21100000,3.51
24,2026-03-19,2026-03-19,5,440110,파두,319,19937500,3.32
24,2026-03-19,2026-03-19,6,491000,리브스메드,230,19619000,3.27
24,2026-03-19,2026-03-19,7,476830,알지노믹스,100,19560000,3.26
24,2026-03-19,2026-03-19,8,124500,아이티센글로벌,280,18760000,3.12
24,2026-03-19,2026-03-19,9,086520,에코프로,110,16940000,2.82
24,2026-03-19,2026-03-19,10,475830,오름테라퓨틱,120,15552000,2.59
24,2026-03-19,2026-03-19,11,058470,리노공업,125,14575000,2.43
24,2026-03-19,2026-03-19,12,095340,ISC,60,13800000,2.3
24,2026-03-19,2026-03-19,13,0009K0,에임드바이오,228,13794000,2.3
24,2026-03-19,2026-03-19,14,089970,브이엠,300,13770000,2.29
24,2026-03-19,2026-03-19,15,SPECIAL::현금,현금,13633722,13633722,2.27
24,2026-03-19,2026-03-19,16,108490,로보티즈,50,13150000,2.19
24,2026-03-19,2026-03-19,17,237690,에스티팜,80,12464000,2.08
24,2026-03-19,2026-03-19,18,099320,쎄트렉아이,64,12364800,2.06
24,2026-03-19,2026-03-19,19,240810,원익IPS,95,11827500,1.97
24,2026-03-19,2026-03-19,20,420770,기가비스,150,11595000,1.93
24,2026-03-19,2026-03-19,21,196170,알테오젠,31,11005000,1.83
24,2026-03-19,2026-03-19,22,039030,이오테크닉스,26,10673000,1.78
24,2026-03-19,2026-03-19,23,448900,한국피아이엠,95,10393000,1.73
24,2026-03-19,2026-03-19,24,226950,올릭스,50,9500000,1.58
24,2026-03-19,2026-03-19,25,310210,보로노이,27,9153000,1.52
24,2026-03-19,2026-03-19,26,032820,우리기술,305,8936500,1.49
24,2026-03-19,2026-03-19,27,058610,에스피지,67,8542500,1.42
24,2026-03-19,2026-03-19,28,067310,하나마이크론,250,8512500,1.42
24,2026-03-19,2026-03-19,29,347850,디앤디파마텍,103,8435700,1.4
24,2026-03-19,2026-03-19,30,083650,비에이치아이,79,8342400,1.39
24,2026-03-19,2026-03-19,31,036930,주성엔지니어링,130,8177000,1.36
24,2026-03-19,2026-03-19,32,084370,유진테크,62,8016600,1.33
24,2026-03-19,2026-03-19,33,456160,지투지바이오,80,7328000,1.22
24,2026-03-19,2026-03-19,34,218410,RFHIC,85,6655500,1.11
24,2026-03-19,2026-03-19,35,486990,노타,146,6577300,1.1
24,2026-03-19,2026-03-19,36,107640,한중엔시에스,120,6480000,1.08
24,2026-03-19,2026-03-19,37,039200,오스코텍,106,6190400,1.03
24,2026-03-19,2026-03-19,38,327260,RF머트리얼즈,111,6182700,1.03
24,2026-03-19,2026-03-19,39,458870,씨어스테크놀로지,30,5553000,0.92
24,2026-03-19,2026-03-19,40,357780,솔브레인,12,5280000,0.88
24,2026-03-19,2026-03-19,41,214370,케어젠,45,5121000,0.85
24,2026-03-19,2026-03-19,42,064760,티씨케이,20,4720000,0.79
24,2026-03-19,2026-03-19,43,417200,LS머트리얼즈,200,4590000,0.76
24,2026-03-19,2026-03-19,44,468530,프로티나,50,4305000,0.72
24,2026-03-19,2026-03-19,45,281740,레이크머티리얼즈,202,4120800,0.69
24,2026-03-19,2026-03-19,46,253590,네오셈,200,3976000,0.66
24,2026-03-19,2026-03-19,47,290550,디케이티,201,3796890,0.63
24,2026-03-19,2026-03-19,48,213420,덕산네오룩스,80,3748000,0.62
24,2026-03-19,2026-03-19,49,174900,앱클론,46,3726000,0.62
24,2026-03-19,2026-03-19,50,309710,아이티켐,96,3590400,0.6
24,2026-03-19,2026-03-19,51,441270,파인엠텍,300,3297000,0.55
24,2026-03-19,2026-03-19,52,060370,LS마린솔루션,101,3125950,0.52
24,2026-03-19,2026-03-19,53,403870,HPSP,60,3000000,0.5
24,2026-03-19,2026-03-19,54,263750,펄어비스,43,2820800,0.47
24,2026-03-19,2026-03-19,55,354320,알멕,56,2746800,0.46
24,2026-03-19,2026-03-19,56,005290,동진쎄미켐,50,2560000,0.43
24,2026-03-19,2026-03-19,57,347700,스피어,50,2437500,0.41
24,2026-03-19,2026-03-19,58,122870,와이지엔터테인먼트,39,2425800,0.4
24,2026-03-19,2026-03-19,59,171090,선익시스템,22,2340800,0.39
24,2026-03-20,2026-03-20,1,298380,에이비엘바이오,210,39900000,6.73
24,2026-03-20,2026-03-20,2,000250,삼천당제약,48,38160000,6.44
24,2026-03-20,2026-03-20,3,277810,레인보우로보틱스,45,32310000,5.45
24,2026-03-20,2026-03-20,4,086520,에코프로,150,22665000,3.83
24,2026-03-20,2026-03-20,5,476830,알지노믹스,100,21400000,3.61
24,2026-03-20,2026-03-20,6,141080,리가켐바이오,100,19990000,3.37
24,2026-03-20,2026-03-20,7,491000,리브스메드,230,18791000,3.17
24,2026-03-20,2026-03-20,8,124500,아이티센글로벌,280,18256000,3.08
24,2026-03-20,2026-03-20,9,440110,파두,319,18183000,3.07
24,2026-03-20,2026-03-20,10,475830,오름테라퓨틱,120,14988000,2.53
24,2026-03-20,2026-03-20,11,095340,ISC,60,14670000,2.48
24,2026-03-20,2026-03-20,12,089970,브이엠,300,14640000,2.47
24,2026-03-20,2026-03-20,13,058470,리노공업,125,14637500,2.47
24,2026-03-20,2026-03-20,14,108490,로보티즈,50,13350000,2.25
24,2026-03-20,2026-03-20,15,0009K0,에임드바이오,228,12836400,2.17
24,2026-03-20,2026-03-20,16,237690,에스티팜,80,11960000,2.02
24,2026-03-20,2026-03-20,17,099320,쎄트렉아이,64,11916800,2.01
24,2026-03-20,2026-03-20,18,420770,기가비스,150,11760000,1.99
24,2026-03-20,2026-03-20,19,240810,원익IPS,95,11485500,1.94
24,2026-03-20,2026-03-20,20,448900,한국피아이엠,95,11257500,1.9
24,2026-03-20,2026-03-20,21,196170,알테오젠,31,11160000,1.88
24,2026-03-20,2026-03-20,22,226950,올릭스,60,10908000,1.84
24,2026-03-20,2026-03-20,23,039030,이오테크닉스,26,10725000,1.81
24,2026-03-20,2026-03-20,24,032820,우리기술,305,8829750,1.49
24,2026-03-20,2026-03-20,25,067310,하나마이크론,250,8375000,1.41
24,2026-03-20,2026-03-20,26,058610,에스피지,67,8254400,1.39
24,2026-03-20,2026-03-20,27,083650,비에이치아이,79,8239700,1.39
24,2026-03-20,2026-03-20,28,084370,유진테크,62,8177800,1.38
24,2026-03-20,2026-03-20,29,347850,디앤디파마텍,103,8126700,1.37
24,2026-03-20,2026-03-20,30,036930,주성엔지니어링,130,7930000,1.34
24,2026-03-20,2026-03-20,31,417200,LS머트리얼즈,300,7125000,1.2
24,2026-03-20,2026-03-20,32,456160,지투지바이오,81,7038900,1.19
24,2026-03-20,2026-03-20,33,327260,RF머트리얼즈,111,6715500,1.13
24,2026-03-20,2026-03-20,34,218410,RFHIC,85,6689500,1.13
24,2026-03-20,2026-03-20,35,486990,노타,147,6592950,1.11
24,2026-03-20,2026-03-20,36,107640,한중엔시에스,120,6204000,1.05
24,2026-03-20,2026-03-20,37,039200,오스코텍,106,6095000,1.03
24,2026-03-20,2026-03-20,38,SPECIAL::현금,현금,5939822,5939822,1.0
24,2026-03-20,2026-03-20,39,458870,씨어스테크놀로지,30,5670000,0.96
24,2026-03-20,2026-03-20,40,357780,솔브레인,12,5064000,0.86
24,2026-03-20,2026-03-20,41,214370,케어젠,45,4950000,0.84
24,2026-03-20,2026-03-20,42,064760,티씨케이,20,4850000,0.82
24,2026-03-20,2026-03-20,43,310210,보로노이,15,4800000,0.81
24,2026-03-20,2026-03-20,44,441270,파인엠텍,400,4260000,0.72
24,2026-03-20,2026-03-20,45,468530,프로티나,50,4090000,0.69
24,2026-03-20,2026-03-20,46,281740,레이크머티리얼즈,204,4043280,0.68
24,2026-03-20,2026-03-20,47,290550,디케이티,201,3917490,0.66
24,2026-03-20,2026-03-20,48,060370,LS마린솔루션,120,3762000,0.64
24,2026-03-20,2026-03-20,49,253590,네오셈,198,3712500,0.63
24,2026-03-20,2026-03-20,50,174900,앱클론,46,3670800,0.62
24,2026-03-20,2026-03-20,51,213420,덕산네오룩스,79,3515500,0.59
24,2026-03-20,2026-03-20,52,309710,아이티켐,96,3374400,0.57
24,2026-03-20,2026-03-20,53,403870,HPSP,62,3205400,0.54
24,2026-03-20,2026-03-20,54,354320,알멕,56,2637600,0.45
24,2026-03-20,2026-03-20,55,005290,동진쎄미켐,50,2427500,0.41
24,2026-03-20,2026-03-20,56,122870,와이지엔터테인먼트,39,2343900,0.4
24,2026-03-20,2026-03-20,57,347700,스피어,50,2292500,0.39
24,2026-03-20,2026-03-20,58,171090,선익시스템,22,2277000,0.38
24,2026-03-20,2026-03-20,59,263750,펄어비스,31,1426000,0.24
24,2026-03-23,2026-03-23,1,000250,삼천당제약,48,43536000,7.25
24,2026-03-23,2026-03-23,2,298380,에이비엘바이오,200,38100000,6.34
24,2026-03-23,2026-03-23,3,086520,에코프로,150,22635000,3.77
24,2026-03-23,2026-03-23,4,476830,알지노믹스,100,21450000,3.57
24,2026-03-23,2026-03-23,5,141080,리가켐바이오,100,21300000,3.55
24,2026-03-23,2026-03-23,6,277810,레인보우로보틱스,30,19770000,3.29
24,2026-03-23,2026-03-23,7,491000,리브스메드,230,18745000,3.12
24,2026-03-23,2026-03-23,8,095340,ISC,70,17290000,2.88
24,2026-03-23,2026-03-23,9,124500,아이티센글로벌,280,17220000,2.87
24,2026-03-23,2026-03-23,10,440110,파두,280,16576000,2.76
24,2026-03-23,2026-03-23,11,475830,오름테라퓨틱,120,15156000,2.52
24,2026-03-23,2026-03-23,12,089970,브이엠,300,14295000,2.38
24,2026-03-23,2026-03-23,13,108490,로보티즈,50,13050000,2.17
24,2026-03-23,2026-03-23,14,0009K0,에임드바이오,228,12608400,2.1
24,2026-03-23,2026-03-23,15,237690,에스티팜,80,12064000,2.01
24,2026-03-23,2026-03-23,16,240810,원익IPS,95,11875000,1.98
24,2026-03-23,2026-03-23,17,420770,기가비스,150,11805000,1.97
24,2026-03-23,2026-03-23,18,448900,한국피아이엠,95,11466500,1.91
24,2026-03-23,2026-03-23,19,099320,쎄트렉아이,64,11270400,1.88
24,2026-03-23,2026-03-23,20,226950,올릭스,60,11214000,1.87
24,2026-03-23,2026-03-23,21,058470,리노공업,100,11170000,1.86
24,2026-03-23,2026-03-23,22,039030,이오테크닉스,26,11167000,1.86
24,2026-03-23,2026-03-23,23,196170,알테오젠,31,10958500,1.82
24,2026-03-23,2026-03-23,24,083650,비에이치아이,100,10950000,1.82
24,2026-03-23,2026-03-23,25,036930,주성엔지니어링,130,9464000,1.58
24,2026-03-23,2026-03-23,26,067310,하나마이크론,250,8687500,1.45
24,2026-03-23,2026-03-23,27,327260,RF머트리얼즈,111,8202900,1.37
24,2026-03-23,2026-03-23,28,058610,에스피지,67,8073500,1.34
24,2026-03-23,2026-03-23,29,084370,유진테크,62,8022800,1.34
24,2026-03-23,2026-03-23,30,417200,LS머트리얼즈,297,7514100,1.25
24,2026-03-23,2026-03-23,31,456160,지투지바이오,82,7314400,1.22
24,2026-03-23,2026-03-23,32,032820,우리기술,250,7100000,1.18
24,2026-03-23,2026-03-23,33,218410,RFHIC,85,6876500,1.14
24,2026-03-23,2026-03-23,34,486990,노타,147,6431250,1.07
24,2026-03-23,2026-03-23,35,107640,한중엔시에스,120,6300000,1.05
24,2026-03-23,2026-03-23,36,347850,디앤디파마텍,80,6248000,1.04
24,2026-03-23,2026-03-23,37,458870,씨어스테크놀로지,30,5487000,0.91
24,2026-03-23,2026-03-23,38,357780,솔브레인,12,5136000,0.86
24,2026-03-23,2026-03-23,39,064760,티씨케이,20,5060000,0.84
24,2026-03-23,2026-03-23,40,214370,케어젠,45,5040000,0.84
24,2026-03-23,2026-03-23,41,310210,보로노이,15,4867500,0.81
24,2026-03-23,2026-03-23,42,098070,한텍,100,4790000,0.8
24,2026-03-23,2026-03-23,43,441270,파인엠텍,399,4612440,0.77
24,2026-03-23,2026-03-23,44,039200,오스코텍,80,4480000,0.75
24,2026-03-23,2026-03-23,45,290550,디케이티,201,4381800,0.73
24,2026-03-23,2026-03-23,46,281740,레이크머티리얼즈,205,4095900,0.68
24,2026-03-23,2026-03-23,47,468530,프로티나,50,4045000,0.67
24,2026-03-23,2026-03-23,48,234340,헥토파이낸셜,100,4000000,0.67
24,2026-03-23,2026-03-23,49,253590,네오셈,197,3762700,0.63
24,2026-03-23,2026-03-23,50,213420,덕산네오룩스,78,3740100,0.62
24,2026-03-23,2026-03-23,51,174900,앱클론,46,3601800,0.6
24,2026-03-23,2026-03-23,52,SPECIAL::현금,현금,3507919,3507919,0.58
24,2026-03-23,2026-03-23,53,319660,피에스케이,40,3456000,0.58
24,2026-03-23,2026-03-23,54,309710,아이티켐,96,3350400,0.56
24,2026-03-23,2026-03-23,55,353200,대덕전자,40,3312000,0.55
24,2026-03-23,2026-03-23,56,403870,HPSP,63,3225600,0.54
24,2026-03-23,2026-03-23,57,060370,LS마린솔루션,101,3191600,0.53
24,2026-03-23,2026-03-23,58,131970,두산테스나,30,3072000,0.51
24,2026-03-23,2026-03-23,59,044490,태웅,50,2865000,0.48
24,2026-03-23,2026-03-23,60,354320,알멕,56,2643200,0.44
24,2026-03-23,2026-03-23,61,178320,서진시스템,50,2400000,0.4
24,2026-03-23,2026-03-23,62,122870,와이지엔터테인먼트,39,2332200,0.39
24,2026-03-23,2026-03-23,63,347700,스피어,51,2282250,0.38
24,2026-03-23,2026-03-23,64,171090,선익시스템,22,2270400,0.38
24,2026-03-24,2026-03-24,1,000250,삼천당제약,48,45168000,8.1
24,2026-03-24,2026-03-24,2,298380,에이비엘바이오,200,33760000,6.05
24,2026-03-24,2026-03-24,3,086520,에코프로,150,20940000,3.75
24,2026-03-24,2026-03-24,4,476830,알지노믹스,100,20600000,3.69
24,2026-03-24,2026-03-24,5,141080,리가켐바이오,100,19170000,3.44
24,2026-03-24,2026-03-24,6,277810,레인보우로보틱스,30,17820000,3.19
24,2026-03-24,2026-03-24,7,491000,리브스메드,230,16698000,2.99
24,2026-03-24,2026-03-24,8,095340,ISC,70,16660000,2.99
24,2026-03-24,2026-03-24,9,440110,파두,280,15680000,2.81
24,2026-03-24,2026-03-24,10,124500,아이티센글로벌,280,14588000,2.61
24,2026-03-24,2026-03-24,11,089970,브이엠,300,13275000,2.38
24,2026-03-24,2026-03-24,12,475830,오름테라퓨틱,120,13260000,2.38
24,2026-03-24,2026-03-24,13,108490,로보티즈,50,11900000,2.13
24,2026-03-24,2026-03-24,14,0009K0,에임드바이오,228,11628000,2.08
24,2026-03-24,2026-03-24,15,237690,에스티팜,80,11400000,2.04
24,2026-03-24,2026-03-24,16,240810,원익IPS,95,11039000,1.98
24,2026-03-24,2026-03-24,17,039030,이오테크닉스,26,10894000,1.95
24,2026-03-24,2026-03-24,18,420770,기가비스,150,10620000,1.9
24,2026-03-24,2026-03-24,19,058470,리노공업,100,10610000,1.9
24,2026-03-24,2026-03-24,20,226950,올릭스,60,10590000,1.9
24,2026-03-24,2026-03-24,21,099320,쎄트렉아이,64,10483200,1.88
24,2026-03-24,2026-03-24,22,083650,비에이치아이,100,10400000,1.86
24,2026-03-24,2026-03-24,23,196170,알테오젠,31,10245500,1.84
24,2026-03-24,2026-03-24,24,036930,주성엔지니어링,130,9295000,1.67
24,2026-03-24,2026-03-24,25,448900,한국피아이엠,95,9291000,1.67
24,2026-03-24,2026-03-24,26,067310,하나마이크론,250,8162500,1.46
24,2026-03-24,2026-03-24,27,084370,유진테크,62,7756200,1.39
24,2026-03-24,2026-03-24,28,058610,에스피지,67,7376700,1.32
24,2026-03-24,2026-03-24,29,327260,RF머트리얼즈,111,7015200,1.26
24,2026-03-24,2026-03-24,30,417200,LS머트리얼즈,297,6786450,1.22
24,2026-03-24,2026-03-24,31,032820,우리기술,250,6587500,1.18
24,2026-03-24,2026-03-24,32,456160,지투지바이오,82,6314000,1.13
24,2026-03-24,2026-03-24,33,218410,RFHIC,85,6256000,1.12
24,2026-03-24,2026-03-24,34,098070,한텍,100,6020000,1.08
24,2026-03-24,2026-03-24,35,486990,노타,147,5894700,1.06
24,2026-03-24,2026-03-24,36,107640,한중엔시에스,120,5856000,1.05
24,2026-03-24,2026-03-24,37,347850,디앤디파마텍,80,5624000,1.01
24,2026-03-24,2026-03-24,38,458870,씨어스테크놀로지,90,5490000,0.98
24,2026-03-24,2026-03-24,39,357780,솔브레인,12,4782000,0.86
24,2026-03-24,2026-03-24,40,214370,케어젠,45,4752000,0.85
24,2026-03-24,2026-03-24,41,064760,티씨케이,20,4700000,0.84
24,2026-03-24,2026-03-24,42,310210,보로노이,15,4500000,0.81
24,2026-03-24,2026-03-24,43,441270,파인엠텍,399,4468800,0.8
24,2026-03-24,2026-03-24,44,039200,오스코텍,80,4200000,0.75
24,2026-03-24,2026-03-24,45,234340,헥토파이낸셜,100,3990000,0.72
24,2026-03-24,2026-03-24,46,290550,디케이티,201,3945630,0.71
24,2026-03-24,2026-03-24,47,281740,레이크머티리얼즈,205,3802750,0.68
24,2026-03-24,2026-03-24,48,213420,덕산네오룩스,78,3783000,0.68
24,2026-03-24,2026-03-24,49,468530,프로티나,50,3640000,0.65
24,2026-03-24,2026-03-24,50,253590,네오셈,197,3477050,0.62
24,2026-03-24,2026-03-24,51,174900,앱클론,46,3252200,0.58
24,2026-03-24,2026-03-24,52,319660,피에스케이,40,3216000,0.58
24,2026-03-24,2026-03-24,53,353200,대덕전자,40,3168000,0.57
24,2026-03-24,2026-03-24,54,131970,두산테스나,30,3111000,0.56
24,2026-03-24,2026-03-24,55,403870,HPSP,63,3099600,0.56
24,2026-03-24,2026-03-24,56,060370,LS마린솔루션,101,2989600,0.54
24,2026-03-24,2026-03-24,57,309710,아이티켐,96,2904000,0.52
24,2026-03-24,2026-03-24,58,044490,태웅,50,2635000,0.47
24,2026-03-24,2026-03-24,59,354320,알멕,56,2380000,0.43
24,2026-03-24,2026-03-24,60,178320,서진시스템,50,2212500,0.4
24,2026-03-24,2026-03-24,61,347700,스피어,51,2144550,0.38
24,2026-03-24,2026-03-24,62,122870,와이지엔터테인먼트,39,2106000,0.38
24,2026-03-24,2026-03-24,63,171090,선익시스템,22,2087800,0.37
24,2026-03-24,2026-03-24,64,SPECIAL::현금,현금,1473825,1473825,0.26
24,2026-03-25,2026-03-25,1,000250,삼천당제약,48,44928000,7.88
24,2026-03-25,2026-03-25,2,298380,에이비엘바이오,200,34580000,6.07
24,2026-03-25,2026-03-25,3,086520,에코프로,145,21605000,3.79
24,2026-03-25,2026-03-25,4,476830,알지노믹스,100,20850000,3.66
24,2026-03-25,2026-03-25,5,108490,로보티즈,80,20720000,3.64
24,2026-03-25,2026-03-25,6,141080,리가켐바이오,98,19992000,3.51
24,2026-03-25,2026-03-25,7,491000,리브스메드,223,16769600,2.94
24,2026-03-25,2026-03-25,8,095340,ISC,69,16456500,2.89
24,2026-03-25,2026-03-25,9,440110,파두,288,16300800,2.86
24,2026-03-25,2026-03-25,10,124500,아이티센글로벌,263,14622800,2.57
24,2026-03-25,2026-03-25,11,475830,오름테라퓨틱,122,13493200,2.37
24,2026-03-25,2026-03-25,12,237690,에스티팜,80,12080000,2.12
24,2026-03-25,2026-03-25,13,089970,브이엠,250,11737500,2.06
24,2026-03-25,2026-03-25,14,240810,원익IPS,87,11718900,2.06
24,2026-03-25,2026-03-25,15,0009K0,에임드바이오,234,11700000,2.05
24,2026-03-25,2026-03-25,16,099320,쎄트렉아이,62,11463800,2.01
24,2026-03-25,2026-03-25,17,226950,올릭스,60,11058000,1.94
24,2026-03-25,2026-03-25,18,196170,알테오젠,31,11020500,1.93
24,2026-03-25,2026-03-25,19,039030,이오테크닉스,26,11011000,1.93
24,2026-03-25,2026-03-25,20,058470,리노공업,100,10730000,1.88
24,2026-03-25,2026-03-25,21,420770,기가비스,150,10500000,1.84
24,2026-03-25,2026-03-25,22,083650,비에이치아이,103,10217600,1.79
24,2026-03-25,2026-03-25,23,SPECIAL::현금,현금,9698781,9698781,1.7
24,2026-03-25,2026-03-25,24,448900,한국피아이엠,89,9345000,1.64
24,2026-03-25,2026-03-25,25,036930,주성엔지니어링,118,9133200,1.6
24,2026-03-25,2026-03-25,26,067310,하나마이크론,250,8162500,1.43
24,2026-03-25,2026-03-25,27,084370,유진테크,62,7967000,1.4
24,2026-03-25,2026-03-25,28,058610,에스피지,69,7852200,1.38
24,2026-03-25,2026-03-25,29,327260,RF머트리얼즈,111,6882000,1.21
24,2026-03-25,2026-03-25,30,417200,LS머트리얼즈,312,6552000,1.15
24,2026-03-25,2026-03-25,31,218410,RFHIC,85,6494000,1.14
24,2026-03-25,2026-03-25,32,032820,우리기술,237,6410850,1.13
24,2026-03-25,2026-03-25,33,295310,에이치브이엠,60,6258000,1.1
24,2026-03-25,2026-03-25,34,107640,한중엔시에스,120,6192000,1.09
24,2026-03-25,2026-03-25,35,277810,레인보우로보틱스,10,6020000,1.06
24,2026-03-25,2026-03-25,36,456160,지투지바이오,82,5945000,1.04
24,2026-03-25,2026-03-25,37,486990,노타,147,5916750,1.04
24,2026-03-25,2026-03-25,38,347850,디앤디파마텍,80,5896000,1.04
24,2026-03-25,2026-03-25,39,458870,씨어스테크놀로지,100,5460000,0.96
24,2026-03-25,2026-03-25,40,357780,솔브레인,12,5124000,0.9
24,2026-03-25,2026-03-25,41,310210,보로노이,16,4904000,0.86
24,2026-03-25,2026-03-25,42,214370,케어젠,45,4725000,0.83
24,2026-03-25,2026-03-25,43,257720,실리콘투,120,4680000,0.82
24,2026-03-25,2026-03-25,44,064760,티씨케이,20,4600000,0.81
24,2026-03-25,2026-03-25,45,441270,파인엠텍,422,4515400,0.79
24,2026-03-25,2026-03-25,46,039200,오스코텍,81,4244400,0.75
24,2026-03-25,2026-03-25,47,131970,두산테스나,40,4168000,0.73
24,2026-03-25,2026-03-25,48,290550,디케이티,201,3999900,0.7
24,2026-03-25,2026-03-25,49,281740,레이크머티리얼즈,205,3948300,0.69
24,2026-03-25,2026-03-25,50,213420,덕산네오룩스,78,3751800,0.66
24,2026-03-25,2026-03-25,51,468530,프로티나,50,3610000,0.63
24,2026-03-25,2026-03-25,52,060370,LS마린솔루션,119,3593800,0.63
24,2026-03-25,2026-03-25,53,253590,네오셈,197,3455380,0.61
24,2026-03-25,2026-03-25,54,319660,피에스케이,39,3112200,0.55
24,2026-03-25,2026-03-25,55,174900,앱클론,46,3105000,0.55
24,2026-03-25,2026-03-25,56,403870,HPSP,63,3071250,0.54
24,2026-03-25,2026-03-25,57,098070,한텍,57,3032400,0.53
24,2026-03-25,2026-03-25,58,309710,아이티켐,96,2875200,0.51
24,2026-03-25,2026-03-25,59,044490,태웅,53,2538700,0.45
24,2026-03-25,2026-03-25,60,178320,서진시스템,50,2460000,0.43
24,2026-03-25,2026-03-25,61,354320,알멕,56,2441600,0.43
24,2026-03-25,2026-03-25,62,122870,와이지엔터테인먼트,39,2160600,0.38
24,2026-03-25,2026-03-25,63,171090,선익시스템,22,2050400,0.36
24,2026-03-26,2026-03-26,1,000250,삼천당제약,42,46830000,7.92
24,2026-03-26,2026-03-26,2,298380,에이비엘바이오,200,34460000,5.83
24,2026-03-26,2026-03-26,3,476830,알지노믹스,100,21950000,3.71
24,2026-03-26,2026-03-26,4,086520,에코프로,145,21938500,3.71
24,2026-03-26,2026-03-26,5,141080,리가켐바이오,98,20923000,3.54
24,2026-03-26,2026-03-26,6,108490,로보티즈,80,20600000,3.48
24,2026-03-26,2026-03-26,7,491000,리브스메드,223,17594700,2.97
24,2026-03-26,2026-03-26,8,095340,ISC,69,17250000,2.92
24,2026-03-26,2026-03-26,9,SPECIAL::현금,현금,16210855,16210855,2.74
24,2026-03-26,2026-03-26,10,440110,파두,288,15753600,2.66
24,2026-03-26,2026-03-26,11,475830,오름테라퓨틱,122,13676200,2.31
24,2026-03-26,2026-03-26,12,124500,아이티센글로벌,263,13465600,2.28
24,2026-03-26,2026-03-26,13,237690,에스티팜,80,12760000,2.16
24,2026-03-26,2026-03-26,14,0009K0,에임드바이오,234,12519000,2.12
24,2026-03-26,2026-03-26,15,099320,쎄트렉아이,62,11953600,2.02
24,2026-03-26,2026-03-26,16,089970,브이엠,250,11937500,2.02
24,2026-03-26,2026-03-26,17,039030,이오테크닉스,26,11609000,1.96
24,2026-03-26,2026-03-26,18,240810,원익IPS,87,11344800,1.92
24,2026-03-26,2026-03-26,19,420770,기가비스,150,11325000,1.91
24,2026-03-26,2026-03-26,20,226950,올릭스,60,11256000,1.9
24,2026-03-26,2026-03-26,21,196170,알테오젠,31,11113500,1.88
24,2026-03-26,2026-03-26,22,448900,한국피아이엠,89,10849100,1.83
24,2026-03-26,2026-03-26,23,083650,비에이치아이,103,10794400,1.83
24,2026-03-26,2026-03-26,24,058470,리노공업,100,10750000,1.82
24,2026-03-26,2026-03-26,25,067310,하나마이크론,250,9050000,1.53
24,2026-03-26,2026-03-26,26,036930,주성엔지니어링,118,8684800,1.47
24,2026-03-26,2026-03-26,27,084370,유진테크,62,8425800,1.42
24,2026-03-26,2026-03-26,28,058610,에스피지,69,7921200,1.34
24,2026-03-26,2026-03-26,29,327260,RF머트리얼즈,111,7836600,1.33
24,2026-03-26,2026-03-26,30,218410,RFHIC,85,7531000,1.27
24,2026-03-26,2026-03-26,31,295310,에이치브이엠,60,6726000,1.14
24,2026-03-26,2026-03-26,32,417200,LS머트리얼즈,312,6552000,1.11
24,2026-03-26,2026-03-26,33,456160,지투지바이오,82,6486200,1.1
24,2026-03-26,2026-03-26,34,347850,디앤디파마텍,80,6328000,1.07
24,2026-03-26,2026-03-26,35,107640,한중엔시에스,120,6324000,1.07
24,2026-03-26,2026-03-26,36,486990,노타,147,6225450,1.05
24,2026-03-26,2026-03-26,37,032820,우리기술,237,6126450,1.04
24,2026-03-26,2026-03-26,38,277810,레인보우로보틱스,10,6050000,1.02
24,2026-03-26,2026-03-26,39,458870,씨어스테크놀로지,100,5230000,0.88
24,2026-03-26,2026-03-26,40,357780,솔브레인,12,5016000,0.85
24,2026-03-26,2026-03-26,41,064760,티씨케이,20,4800000,0.81
24,2026-03-26,2026-03-26,42,310210,보로노이,16,4800000,0.81
24,2026-03-26,2026-03-26,43,257720,실리콘투,120,4602000,0.78
24,2026-03-26,2026-03-26,44,441270,파인엠텍,422,4578700,0.77
24,2026-03-26,2026-03-26,45,214370,케어젠,45,4410000,0.75
24,2026-03-26,2026-03-26,46,039200,오스코텍,81,4349700,0.74
24,2026-03-26,2026-03-26,47,131970,두산테스나,40,4136000,0.7
24,2026-03-26,2026-03-26,48,281740,레이크머티리얼즈,205,4100000,0.69
24,2026-03-26,2026-03-26,49,290550,디케이티,201,4100400,0.69
24,2026-03-26,2026-03-26,50,213420,덕산네오룩스,78,4095000,0.69
24,2026-03-26,2026-03-26,51,468530,프로티나,50,3640000,0.62
24,2026-03-26,2026-03-26,52,060370,LS마린솔루션,119,3570000,0.6
24,2026-03-26,2026-03-26,53,253590,네오셈,197,3524330,0.6
24,2026-03-26,2026-03-26,54,319660,피에스케이,39,3283800,0.56
24,2026-03-26,2026-03-26,55,403870,HPSP,63,3134250,0.53
24,2026-03-26,2026-03-26,56,174900,앱클론,46,3077400,0.52
24,2026-03-26,2026-03-26,57,309710,아이티켐,96,3062400,0.52
24,2026-03-26,2026-03-26,58,354320,알멕,56,2872800,0.49
24,2026-03-26,2026-03-26,59,098070,한텍,57,2841450,0.48
24,2026-03-26,2026-03-26,60,044490,태웅,53,2464500,0.42
24,2026-03-26,2026-03-26,61,178320,서진시스템,50,2450000,0.41
24,2026-03-26,2026-03-26,62,122870,와이지엔터테인먼트,39,2195700,0.37
24,2026-03-26,2026-03-26,63,171090,선익시스템,22,2087800,0.35
24,2026-03-27,2026-03-27,1,000250,삼천당제약,42,48636000,8.35
24,2026-03-27,2026-03-27,2,298380,에이비엘바이오,200,35980000,6.18
24,2026-03-27,2026-03-27,3,476830,알지노믹스,100,22700000,3.9
24,2026-03-27,2026-03-27,4,108490,로보티즈,90,22095000,3.8
24,2026-03-27,2026-03-27,5,086520,에코프로,145,21170000,3.64
24,2026-03-27,2026-03-27,6,141080,리가켐바이오,98,20237000,3.48
24,2026-03-27,2026-03-27,7,491000,리브스메드,223,17483200,3.0
24,2026-03-27,2026-03-27,8,095340,ISC,69,16560000,2.84
24,2026-03-27,2026-03-27,9,475830,오름테라퓨틱,122,14176400,2.44
24,2026-03-27,2026-03-27,10,099320,쎄트렉아이,70,12880000,2.21
24,2026-03-27,2026-03-27,11,0009K0,에임드바이오,234,12729600,2.19
24,2026-03-27,2026-03-27,12,237690,에스티팜,80,12384000,2.13
24,2026-03-27,2026-03-27,13,226950,올릭스,60,12000000,2.06
24,2026-03-27,2026-03-27,14,196170,알테오젠,31,11811000,2.03
24,2026-03-27,2026-03-27,15,420770,기가비스,150,11520000,1.98
24,2026-03-27,2026-03-27,16,089970,브이엠,250,11325000,1.95
24,2026-03-27,2026-03-27,17,448900,한국피아이엠,89,11080500,1.9
24,2026-03-27,2026-03-27,18,039030,이오테크닉스,26,10608000,1.82
24,2026-03-27,2026-03-27,19,240810,원익IPS,87,10570500,1.82
24,2026-03-27,2026-03-27,20,SPECIAL::현금,현금,10565452,10565452,1.82
24,2026-03-27,2026-03-27,21,124500,아이티센글로벌,220,10560000,1.81
24,2026-03-27,2026-03-27,22,083650,비에이치아이,103,10269100,1.76
24,2026-03-27,2026-03-27,23,295310,에이치브이엠,100,10200000,1.75
24,2026-03-27,2026-03-27,24,036930,주성엔지니어링,118,8413400,1.45
24,2026-03-27,2026-03-27,25,067310,하나마이크론,250,8150000,1.4
24,2026-03-27,2026-03-27,26,218410,RFHIC,100,8110000,1.39
24,2026-03-27,2026-03-27,27,084370,유진테크,62,7694200,1.32
24,2026-03-27,2026-03-27,28,327260,RF머트리얼즈,111,7603500,1.31
24,2026-03-27,2026-03-27,29,078600,대주전자재료,50,6625000,1.14
24,2026-03-27,2026-03-27,30,486990,노타,147,6475350,1.11
24,2026-03-27,2026-03-27,31,456160,지투지바이오,82,6420600,1.1
24,2026-03-27,2026-03-27,32,347850,디앤디파마텍,80,6280000,1.08
24,2026-03-27,2026-03-27,33,417200,LS머트리얼즈,312,6255600,1.07
24,2026-03-27,2026-03-27,34,107640,한중엔시에스,120,6108000,1.05
24,2026-03-27,2026-03-27,35,222800,심텍,100,5860000,1.01
24,2026-03-27,2026-03-27,36,458870,씨어스테크놀로지,100,5790000,1.0
24,2026-03-27,2026-03-27,37,058610,에스피지,50,5400000,0.93
24,2026-03-27,2026-03-27,38,058470,리노공업,50,5160000,0.89
24,2026-03-27,2026-03-27,39,440110,파두,100,5120000,0.88
24,2026-03-27,2026-03-27,40,310210,보로노이,16,5056000,0.87
24,2026-03-27,2026-03-27,41,064760,티씨케이,20,4890000,0.84
24,2026-03-27,2026-03-27,42,441270,파인엠텍,422,4422560,0.76
24,2026-03-27,2026-03-27,43,039200,오스코텍,81,4398300,0.76
24,2026-03-27,2026-03-27,44,257720,실리콘투,119,4355400,0.75
24,2026-03-27,2026-03-27,45,214370,케어젠,45,4221000,0.73
24,2026-03-27,2026-03-27,46,213420,덕산네오룩스,78,4126200,0.71
24,2026-03-27,2026-03-27,47,281740,레이크머티리얼즈,205,4095900,0.7
24,2026-03-27,2026-03-27,48,131970,두산테스나,39,3900000,0.67
24,2026-03-27,2026-03-27,49,468530,프로티나,50,3860000,0.66
24,2026-03-27,2026-03-27,50,290550,디케이티,201,3786840,0.65
24,2026-03-27,2026-03-27,51,356860,티엘비,50,3720000,0.64
24,2026-03-27,2026-03-27,52,032820,우리기술,150,3600000,0.62
24,2026-03-27,2026-03-27,53,174900,앱클론,46,3482200,0.6
24,2026-03-27,2026-03-27,54,060370,LS마린솔루션,119,3433150,0.59
24,2026-03-27,2026-03-27,55,338840,와이바이오로직스,100,3385000,0.58
24,2026-03-27,2026-03-27,56,425420,티에프이,50,3265000,0.56
24,2026-03-27,2026-03-27,57,319660,피에스케이,39,3256500,0.56
24,2026-03-27,2026-03-27,58,253590,네오셈,197,3236710,0.56
24,2026-03-27,2026-03-27,59,309710,아이티켐,96,2889600,0.5
24,2026-03-27,2026-03-27,60,403870,HPSP,63,2875950,0.49
24,2026-03-27,2026-03-27,61,354320,알멕,56,2738400,0.47
24,2026-03-27,2026-03-27,62,098070,한텍,57,2616300,0.45
24,2026-03-27,2026-03-27,63,044490,태웅,53,2400900,0.41
24,2026-03-27,2026-03-27,64,178320,서진시스템,50,2315000,0.4
24,2026-03-27,2026-03-27,65,122870,와이지엔터테인먼트,39,2191800,0.38
24,2026-03-27,2026-03-27,66,171090,선익시스템,22,2017400,0.35
24,2026-03-27,2026-03-27,67,357780,솔브레인,5,1975000,0.34
24,2026-03-27,2026-03-27,68,023160,태광,50,1750000,0.3
24,2026-03-27,2026-03-27,69,010170,대한광통신,100,930000,0.16
24,2026-03-30,2026-03-30,1,000250,삼천당제약,42,46662000,8.06
24,2026-03-30,2026-03-30,2,298380,에이비엘바이오,200,36020000,6.22
24,2026-03-30,2026-03-30,3,476830,알지노믹스,100,23050000,3.98
24,2026-03-30,2026-03-30,4,108490,로보티즈,90,22950000,3.96
24,2026-03-30,2026-03-30,5,086520,에코프로,145,21605000,3.73
24,2026-03-30,2026-03-30,6,141080,리가켐바이오,98,20923000,3.61
24,2026-03-30,2026-03-30,7,095340,ISC,69,17250000,2.98
24,2026-03-30,2026-03-30,8,491000,리브스메드,223,16791900,2.9
24,2026-03-30,2026-03-30,9,475830,오름테라퓨틱,122,13712800,2.37
24,2026-03-30,2026-03-30,10,099320,쎄트렉아이,70,13167000,2.27
24,2026-03-30,2026-03-30,11,237690,에스티팜,80,12744000,2.2
24,2026-03-30,2026-03-30,12,0009K0,에임드바이오,234,12448800,2.15
24,2026-03-30,2026-03-30,13,226950,올릭스,60,12030000,2.08
24,2026-03-30,2026-03-30,14,196170,알테오젠,31,11811000,2.04
24,2026-03-30,2026-03-30,15,420770,기가비스,150,11700000,2.02
24,2026-03-30,2026-03-30,16,089970,브이엠,250,11175000,1.93
24,2026-03-30,2026-03-30,17,039030,이오테크닉스,26,10842000,1.87
24,2026-03-30,2026-03-30,18,448900,한국피아이엠,89,10769000,1.86
24,2026-03-30,2026-03-30,19,240810,원익IPS,87,10527000,1.82
24,2026-03-30,2026-03-30,20,124500,아이티센글로벌,220,10318000,1.78
24,2026-03-30,2026-03-30,21,SPECIAL::현금,현금,10283675,10283675,1.78
24,2026-03-30,2026-03-30,22,083650,비에이치아이,103,9764400,1.69
24,2026-03-30,2026-03-30,23,295310,에이치브이엠,100,9520000,1.64
24,2026-03-30,2026-03-30,24,036930,주성엔지니어링,118,8260000,1.43
24,2026-03-30,2026-03-30,25,218410,RFHIC,100,8240000,1.42
24,2026-03-30,2026-03-30,26,067310,하나마이크론,250,7775000,1.34
24,2026-03-30,2026-03-30,27,327260,RF머트리얼즈,111,7548000,1.3
24,2026-03-30,2026-03-30,28,084370,유진테크,62,7241600,1.25
24,2026-03-30,2026-03-30,29,078600,대주전자재료,50,6510000,1.12
24,2026-03-30,2026-03-30,30,456160,지투지바이오,82,6461600,1.12
24,2026-03-30,2026-03-30,31,347850,디앤디파마텍,80,6208000,1.07
24,2026-03-30,2026-03-30,32,107640,한중엔시에스,120,6168000,1.07
24,2026-03-30,2026-03-30,33,417200,LS머트리얼즈,312,5965440,1.03
24,2026-03-30,2026-03-30,34,486990,노타,147,5813850,1.0
24,2026-03-30,2026-03-30,35,222800,심텍,100,5620000,0.97
24,2026-03-30,2026-03-30,36,458870,씨어스테크놀로지,100,5590000,0.97
24,2026-03-30,2026-03-30,37,058610,에스피지,50,5565000,0.96
24,2026-03-30,2026-03-30,38,058470,리노공업,50,5245000,0.91
24,2026-03-30,2026-03-30,39,440110,파두,100,5240000,0.91
24,2026-03-30,2026-03-30,40,310210,보로노이,16,5016000,0.87
24,2026-03-30,2026-03-30,41,064760,티씨케이,20,4780000,0.83
24,2026-03-30,2026-03-30,42,257720,실리콘투,119,4617200,0.8
24,2026-03-30,2026-03-30,43,441270,파인엠텍,422,4414120,0.76
24,2026-03-30,2026-03-30,44,039200,오스코텍,81,4398300,0.76
24,2026-03-30,2026-03-30,45,214370,케어젠,45,4360500,0.75
24,2026-03-30,2026-03-30,46,131970,두산테스나,39,4223700,0.73
24,2026-03-30,2026-03-30,47,281740,레이크머티리얼즈,205,4202500,0.73
24,2026-03-30,2026-03-30,48,213420,덕산네오룩스,78,4134000,0.71
24,2026-03-30,2026-03-30,49,468530,프로티나,50,3845000,0.66
24,2026-03-30,2026-03-30,50,290550,디케이티,201,3790860,0.66
24,2026-03-30,2026-03-30,51,356860,티엘비,50,3655000,0.63
24,2026-03-30,2026-03-30,52,032820,우리기술,150,3510000,0.61
24,2026-03-30,2026-03-30,53,338840,와이바이오로직스,100,3495000,0.6
24,2026-03-30,2026-03-30,54,425420,티에프이,50,3450000,0.6
24,2026-03-30,2026-03-30,55,060370,LS마린솔루션,119,3379600,0.58
24,2026-03-30,2026-03-30,56,174900,앱클론,46,3302800,0.57
24,2026-03-30,2026-03-30,57,253590,네오셈,197,3264290,0.56
24,2026-03-30,2026-03-30,58,319660,피에스케이,39,3201900,0.55
24,2026-03-30,2026-03-30,59,403870,HPSP,63,2844450,0.49
24,2026-03-30,2026-03-30,60,309710,아이티켐,96,2788800,0.48
24,2026-03-30,2026-03-30,61,098070,한텍,57,2616300,0.45
24,2026-03-30,2026-03-30,62,354320,알멕,56,2601200,0.45
24,2026-03-30,2026-03-30,63,044490,태웅,53,2488350,0.43
24,2026-03-30,2026-03-30,64,122870,와이지엔터테인먼트,39,2191800,0.38
24,2026-03-30,2026-03-30,65,178320,서진시스템,50,2167500,0.37
24,2026-03-30,2026-03-30,66,171090,선익시스템,22,2041600,0.35
24,2026-03-30,2026-03-30,67,357780,솔브레인,5,1980000,0.34
24,2026-03-30,2026-03-30,68,023160,태광,50,1732500,0.3
24,2026-03-30,2026-03-30,69,010170,대한광통신,100,930000,0.16
24,2026-03-31,2026-03-31,1,000250,삼천당제약,42,49728000,8.95
24,2026-03-31,2026-03-31,2,298380,에이비엘바이오,200,34320000,6.17
24,2026-03-31,2026-03-31,3,476830,알지노믹스,100,23600000,4.25
24,2026-03-31,2026-03-31,4,086520,에코프로,157,23031900,4.14
24,2026-03-31,2026-03-31,5,108490,로보티즈,90,21735000,3.91
24,2026-03-31,2026-03-31,6,141080,리가켐바이오,98,19502000,3.51
24,2026-03-31,2026-03-31,7,095340,ISC,69,17077500,3.07
24,2026-03-31,2026-03-31,8,491000,리브스메드,223,15855300,2.85
24,2026-03-31,2026-03-31,9,226950,올릭스,70,13020000,2.34
24,2026-03-31,2026-03-31,10,099320,쎄트렉아이,70,12348000,2.22
24,2026-03-31,2026-03-31,11,237690,에스티팜,80,11904000,2.14
24,2026-03-31,2026-03-31,12,475830,오름테라퓨틱,122,11577800,2.08
24,2026-03-31,2026-03-31,13,420770,기가비스,150,11280000,2.03
24,2026-03-31,2026-03-31,14,196170,알테오젠,31,10989500,1.98
24,2026-03-31,2026-03-31,15,089970,브이엠,250,10337500,1.86
24,2026-03-31,2026-03-31,16,124500,아이티센글로벌,220,10164000,1.83
24,2026-03-31,2026-03-31,17,0009K0,에임드바이오,200,10040000,1.81
24,2026-03-31,2026-03-31,18,083650,비에이치아이,103,9857100,1.77
24,2026-03-31,2026-03-31,19,240810,원익IPS,87,9848400,1.77
24,2026-03-31,2026-03-31,20,295310,에이치브이엠,100,8770000,1.58
24,2026-03-31,2026-03-31,21,218410,RFHIC,100,7870000,1.42
24,2026-03-31,2026-03-31,22,327260,RF머트리얼즈,111,7770000,1.4
24,2026-03-31,2026-03-31,23,039030,이오테크닉스,20,7720000,1.39
24,2026-03-31,2026-03-31,24,036930,주성엔지니어링,118,7575600,1.36
24,2026-03-31,2026-03-31,25,067310,하나마이크론,250,7325000,1.32
24,2026-03-31,2026-03-31,26,078600,대주전자재료,50,6415000,1.15
24,2026-03-31,2026-03-31,27,247540,에코프로비엠,30,6105000,1.1
24,2026-03-31,2026-03-31,28,107640,한중엔시에스,120,6084000,1.1
24,2026-03-31,2026-03-31,29,257720,실리콘투,159,5946600,1.07
24,2026-03-31,2026-03-31,30,417200,LS머트리얼즈,312,5725200,1.03
24,2026-03-31,2026-03-31,31,347850,디앤디파마텍,80,5680000,1.02
24,2026-03-31,2026-03-31,32,084370,유진테크,50,5565000,1.0
24,2026-03-31,2026-03-31,33,058610,에스피지,50,5340000,0.96
24,2026-03-31,2026-03-31,34,448900,한국피아이엠,50,5325000,0.96
24,2026-03-31,2026-03-31,35,458870,씨어스테크놀로지,100,5200000,0.94
24,2026-03-31,2026-03-31,36,222800,심텍,100,5150000,0.93
24,2026-03-31,2026-03-31,37,310210,보로노이,16,5120000,0.92
24,2026-03-31,2026-03-31,38,440110,파두,100,4990000,0.9
24,2026-03-31,2026-03-31,39,486990,노타,147,4953900,0.89
24,2026-03-31,2026-03-31,40,058470,리노공업,50,4920000,0.89
24,2026-03-31,2026-03-31,41,064760,티씨케이,20,4620000,0.83
24,2026-03-31,2026-03-31,42,0088M0,메쥬,100,4395000,0.79
24,2026-03-31,2026-03-31,43,441270,파인엠텍,422,4236880,0.76
24,2026-03-31,2026-03-31,44,039200,오스코텍,81,4220100,0.76
24,2026-03-31,2026-03-31,45,214370,케어젠,45,4090500,0.74
24,2026-03-31,2026-03-31,46,263750,펄어비스,60,4056000,0.73
24,2026-03-31,2026-03-31,47,281740,레이크머티리얼즈,205,4042600,0.73
24,2026-03-31,2026-03-31,48,131970,두산테스나,39,3950700,0.71
24,2026-03-31,2026-03-31,49,213420,덕산네오룩스,78,3931200,0.71
24,2026-03-31,2026-03-31,50,290550,디케이티,201,3658200,0.66
24,2026-03-31,2026-03-31,51,SPECIAL::현금,현금,3631406,3631406,0.65
24,2026-03-31,2026-03-31,52,456160,지투지바이오,50,3595000,0.65
24,2026-03-31,2026-03-31,53,468530,프로티나,50,3560000,0.64
24,2026-03-31,2026-03-31,54,023160,태광,100,3480000,0.63
24,2026-03-31,2026-03-31,55,060370,LS마린솔루션,119,3427200,0.62
24,2026-03-31,2026-03-31,56,356860,티엘비,50,3340000,0.6
24,2026-03-31,2026-03-31,57,098070,한텍,70,3311000,0.6
24,2026-03-31,2026-03-31,58,338840,와이바이오로직스,100,3310000,0.6
24,2026-03-31,2026-03-31,59,032820,우리기술,150,3240000,0.58
24,2026-03-31,2026-03-31,60,425420,티에프이,50,3150000,0.57
24,2026-03-31,2026-03-31,61,319660,피에스케이,39,3120000,0.56
24,2026-03-31,2026-03-31,62,253590,네오셈,197,3033800,0.55
24,2026-03-31,2026-03-31,63,174900,앱클론,46,2967000,0.53
24,2026-03-31,2026-03-31,64,354320,알멕,56,2710400,0.49
24,2026-03-31,2026-03-31,65,309710,아이티켐,96,2582400,0.47
24,2026-03-31,2026-03-31,66,044490,태웅,53,2485700,0.45
24,2026-03-31,2026-03-31,67,178320,서진시스템,50,2100000,0.38
24,2026-03-31,2026-03-31,68,171090,선익시스템,22,1887600,0.34
24,2026-03-31,2026-03-31,69,082920,비츠로셀,50,1857500,0.33
24,2026-03-31,2026-03-31,70,403870,HPSP,30,1287000,0.23
24,2026-03-31,2026-03-31,71,010170,대한광통신,100,823000,0.15
24,2026-04-01,2026-04-01,1,000250,삼천당제약,42,34818000,6.74
24,2026-04-01,2026-04-01,2,298380,에이비엘바이오,200,33180000,6.43
24,2026-04-01,2026-04-01,3,086520,에코프로,157,21901500,4.24
24,2026-04-01,2026-04-01,4,108490,로보티즈,90,21690000,4.2
24,2026-04-01,2026-04-01,5,476830,알지노믹스,100,19760000,3.83
24,2026-04-01,2026-04-01,6,141080,리가켐바이오,98,18816000,3.64
24,2026-04-01,2026-04-01,7,095340,ISC,69,16077000,3.11
24,2026-04-01,2026-04-01,8,491000,리브스메드,223,14628800,2.83
24,2026-04-01,2026-04-01,9,226950,올릭스,70,12957000,2.51
24,2026-04-01,2026-04-01,10,237690,에스티팜,80,11568000,2.24
24,2026-04-01,2026-04-01,11,099320,쎄트렉아이,70,11235000,2.18
24,2026-04-01,2026-04-01,12,420770,기가비스,150,10905000,2.11
24,2026-04-01,2026-04-01,13,196170,알테오젠,31,10586500,2.05
24,2026-04-01,2026-04-01,14,475830,오름테라퓨틱,122,10492000,2.03
24,2026-04-01,2026-04-01,15,124500,아이티센글로벌,220,10043000,1.95
24,2026-04-01,2026-04-01,16,089970,브이엠,250,9687500,1.88
24,2026-04-01,2026-04-01,17,083650,비에이치아이,103,9527500,1.85
24,2026-04-01,2026-04-01,18,0009K0,에임드바이오,200,9440000,1.83
24,2026-04-01,2026-04-01,19,240810,원익IPS,87,9404700,1.82
24,2026-04-01,2026-04-01,20,039030,이오테크닉스,20,7690000,1.49
24,2026-04-01,2026-04-01,21,218410,RFHIC,100,7500000,1.45
24,2026-04-01,2026-04-01,22,295310,에이치브이엠,100,7350000,1.42
24,2026-04-01,2026-04-01,23,036930,주성엔지니어링,118,7162600,1.39
24,2026-04-01,2026-04-01,24,067310,하나마이크론,250,6950000,1.35
24,2026-04-01,2026-04-01,25,327260,RF머트리얼즈,111,6870900,1.33
24,2026-04-01,2026-04-01,26,078600,대주전자재료,50,6305000,1.22
24,2026-04-01,2026-04-01,27,257720,실리콘투,159,6065850,1.18
24,2026-04-01,2026-04-01,28,247540,에코프로비엠,30,5766000,1.12
24,2026-04-01,2026-04-01,29,107640,한중엔시에스,120,5652000,1.1
24,2026-04-01,2026-04-01,30,084370,유진테크,50,5535000,1.07
24,2026-04-01,2026-04-01,31,417200,LS머트리얼즈,312,5497440,1.07
24,2026-04-01,2026-04-01,32,347850,디앤디파마텍,80,5424000,1.05
24,2026-04-01,2026-04-01,33,448900,한국피아이엠,50,5375000,1.04
24,2026-04-01,2026-04-01,34,058610,에스피지,50,5230000,1.01
24,2026-04-01,2026-04-01,35,458870,씨어스테크놀로지,100,4970000,0.96
24,2026-04-01,2026-04-01,36,310210,보로노이,16,4912000,0.95
24,2026-04-01,2026-04-01,37,222800,심텍,100,4745000,0.92
24,2026-04-01,2026-04-01,38,058470,리노공업,50,4720000,0.91
24,2026-04-01,2026-04-01,39,486990,노타,147,4645200,0.9
24,2026-04-01,2026-04-01,40,440110,파두,100,4595000,0.89
24,2026-04-01,2026-04-01,41,064760,티씨케이,20,4570000,0.89
24,2026-04-01,2026-04-01,42,263750,펄어비스,60,4140000,0.8
24,2026-04-01,2026-04-01,43,039200,오스코텍,81,4098600,0.79
24,2026-04-01,2026-04-01,44,214370,케어젠,45,4086000,0.79
24,2026-04-01,2026-04-01,45,441270,파인엠텍,422,4042760,0.78
24,2026-04-01,2026-04-01,46,281740,레이크머티리얼즈,205,3999550,0.78
24,2026-04-01,2026-04-01,47,131970,두산테스나,39,3950700,0.77
24,2026-04-01,2026-04-01,48,213420,덕산네오룩스,78,3915600,0.76
24,2026-04-01,2026-04-01,49,0088M0,메쥬,100,3865000,0.75
24,2026-04-01,2026-04-01,50,290550,디케이티,201,3551670,0.69
24,2026-04-01,2026-04-01,51,023160,태광,100,3500000,0.68
24,2026-04-01,2026-04-01,52,060370,LS마린솔루션,119,3462900,0.67
24,2026-04-01,2026-04-01,53,098070,한텍,70,3423000,0.66
24,2026-04-01,2026-04-01,54,SPECIAL::현금,현금,3379633,3379633,0.65
24,2026-04-01,2026-04-01,55,468530,프로티나,50,3330000,0.65
24,2026-04-01,2026-04-01,56,456160,지투지바이오,50,3290000,0.64
24,2026-04-01,2026-04-01,57,356860,티엘비,50,3140000,0.61
24,2026-04-01,2026-04-01,58,319660,피에스케이,39,3100500,0.6
24,2026-04-01,2026-04-01,59,338840,와이바이오로직스,100,3075000,0.6
24,2026-04-01,2026-04-01,60,032820,우리기술,150,3060000,0.59
24,2026-04-01,2026-04-01,61,425420,티에프이,50,2905000,0.56
24,2026-04-01,2026-04-01,62,253590,네오셈,197,2880140,0.56
24,2026-04-01,2026-04-01,63,354320,알멕,56,2674000,0.52
24,2026-04-01,2026-04-01,64,044490,태웅,53,2631450,0.51
24,2026-04-01,2026-04-01,65,174900,앱클론,46,2608200,0.51
24,2026-04-01,2026-04-01,66,309710,아이티켐,96,2323200,0.45
24,2026-04-01,2026-04-01,67,178320,서진시스템,50,2125000,0.41
24,2026-04-01,2026-04-01,68,171090,선익시스템,22,1843600,0.36
24,2026-04-01,2026-04-01,69,082920,비츠로셀,50,1780000,0.35
24,2026-04-01,2026-04-01,70,403870,HPSP,30,1227000,0.24
24,2026-04-01,2026-04-01,71,010170,대한광통신,100,724000,0.14
24,2026-04-02,2026-04-02,1,298380,에이비엘바이오,200,36000000,6.49
24,2026-04-02,2026-04-02,2,000250,삼천당제약,42,31248000,5.64
24,2026-04-02,2026-04-02,3,108490,로보티즈,90,24030000,4.33
24,2026-04-02,2026-04-02,4,086520,에코프로,157,23408700,4.22
24,2026-04-02,2026-04-02,5,476830,알지노믹스,100,22650000,4.09
24,2026-04-02,2026-04-02,6,141080,리가켐바이오,98,20139000,3.63
24,2026-04-02,2026-04-02,7,095340,ISC,69,18216000,3.29
24,2026-04-02,2026-04-02,8,491000,리브스메드,223,15654600,2.82
24,2026-04-02,2026-04-02,9,226950,올릭스,70,14035000,2.53
24,2026-04-02,2026-04-02,10,420770,기가비스,150,13020000,2.35
24,2026-04-02,2026-04-02,11,237690,에스티팜,80,12224000,2.21
24,2026-04-02,2026-04-02,12,099320,쎄트렉아이,70,12208000,2.2
24,2026-04-02,2026-04-02,13,196170,알테오젠,31,11160000,2.01
24,2026-04-02,2026-04-02,14,124500,아이티센글로벌,220,10923000,1.97
24,2026-04-02,2026-04-02,15,475830,오름테라퓨틱,122,10553000,1.9
24,2026-04-02,2026-04-02,16,089970,브이엠,250,10412500,1.88
24,2026-04-02,2026-04-02,17,083650,비에이치아이,103,10258800,1.85
24,2026-04-02,2026-04-02,18,240810,원익IPS,87,10257300,1.85
24,2026-04-02,2026-04-02,19,0009K0,에임드바이오,200,9920000,1.79
24,2026-04-02,2026-04-02,20,218410,RFHIC,100,9420000,1.7
24,2026-04-02,2026-04-02,21,295310,에이치브이엠,100,9150000,1.65
24,2026-04-02,2026-04-02,22,039030,이오테크닉스,20,8700000,1.57
24,2026-04-02,2026-04-02,23,327260,RF머트리얼즈,111,7725600,1.39
24,2026-04-02,2026-04-02,24,036930,주성엔지니어링,118,7681800,1.39
24,2026-04-02,2026-04-02,25,067310,하나마이크론,250,7612500,1.37
24,2026-04-02,2026-04-02,26,417200,LS머트리얼즈,312,6474000,1.17
24,2026-04-02,2026-04-02,27,078600,대주전자재료,50,6385000,1.15
24,2026-04-02,2026-04-02,28,257720,실리콘투,159,6360000,1.15
24,2026-04-02,2026-04-02,29,084370,유진테크,50,6185000,1.12
24,2026-04-02,2026-04-02,30,247540,에코프로비엠,30,6060000,1.09
24,2026-04-02,2026-04-02,31,347850,디앤디파마텍,80,5992000,1.08
24,2026-04-02,2026-04-02,32,107640,한중엔시에스,120,5922000,1.07
24,2026-04-02,2026-04-02,33,448900,한국피아이엠,50,5680000,1.02
24,2026-04-02,2026-04-02,34,058610,에스피지,50,5575000,1.01
24,2026-04-02,2026-04-02,35,440110,파두,100,5300000,0.96
24,2026-04-02,2026-04-02,36,222800,심텍,100,5290000,0.95
24,2026-04-02,2026-04-02,37,058470,리노공업,50,5230000,0.94
24,2026-04-02,2026-04-02,38,310210,보로노이,16,5104000,0.92
24,2026-04-02,2026-04-02,39,458870,씨어스테크놀로지,100,5050000,0.91
24,2026-04-02,2026-04-02,40,486990,노타,147,4998000,0.9
24,2026-04-02,2026-04-02,41,064760,티씨케이,20,4650000,0.84
24,2026-04-02,2026-04-02,42,441270,파인엠텍,422,4367700,0.79
24,2026-04-02,2026-04-02,43,214370,케어젠,45,4329000,0.78
24,2026-04-02,2026-04-02,44,263750,펄어비스,60,4320000,0.78
24,2026-04-02,2026-04-02,45,039200,오스코텍,81,4301100,0.78
24,2026-04-02,2026-04-02,46,281740,레이크머티리얼즈,205,4212750,0.76
24,2026-04-02,2026-04-02,47,131970,두산테스나,39,4013100,0.72
24,2026-04-02,2026-04-02,48,0088M0,메쥬,100,4005000,0.72
24,2026-04-02,2026-04-02,49,213420,덕산네오룩스,78,3876600,0.7
24,2026-04-02,2026-04-02,50,456160,지투지바이오,50,3800000,0.69
24,2026-04-02,2026-04-02,51,290550,디케이티,201,3680310,0.66
24,2026-04-02,2026-04-02,52,060370,LS마린솔루션,119,3617600,0.65
24,2026-04-02,2026-04-02,53,356860,티엘비,50,3605000,0.65
24,2026-04-02,2026-04-02,54,023160,태광,100,3570000,0.64
24,2026-04-02,2026-04-02,55,468530,프로티나,50,3505000,0.63
24,2026-04-02,2026-04-02,56,319660,피에스케이,39,3369600,0.61
24,2026-04-02,2026-04-02,57,098070,한텍,70,3349500,0.6
24,2026-04-02,2026-04-02,58,SPECIAL::현금,현금,3323385,3323385,0.6
24,2026-04-02,2026-04-02,59,032820,우리기술,150,3307500,0.6
24,2026-04-02,2026-04-02,60,338840,와이바이오로직스,100,3215000,0.58
24,2026-04-02,2026-04-02,61,425420,티에프이,50,3195000,0.58
24,2026-04-02,2026-04-02,62,253590,네오셈,197,3161850,0.57
24,2026-04-02,2026-04-02,63,354320,알멕,56,3130400,0.57
24,2026-04-02,2026-04-02,64,174900,앱클론,46,2792200,0.5
24,2026-04-02,2026-04-02,65,044490,태웅,53,2626150,0.47
24,2026-04-02,2026-04-02,66,309710,아이티켐,96,2476800,0.45
24,2026-04-02,2026-04-02,67,178320,서진시스템,50,2325000,0.42
24,2026-04-02,2026-04-02,68,171090,선익시스템,22,1940400,0.35
24,2026-04-02,2026-04-02,69,082920,비츠로셀,50,1925000,0.35
24,2026-04-02,2026-04-02,70,403870,HPSP,30,1335000,0.24
24,2026-04-02,2026-04-02,71,010170,대한광통신,100,941000,0.17
24,2026-04-03,2026-04-03,1,298380,에이비엘바이오,200,31960000,6.18
24,2026-04-03,2026-04-03,2,108490,로보티즈,90,22860000,4.42
24,2026-04-03,2026-04-03,3,086520,에코프로,156,22214400,4.3
24,2026-04-03,2026-04-03,4,476830,알지노믹스,100,19900000,3.85
24,2026-04-03,2026-04-03,5,141080,리가켐바이오,98,17777200,3.44
24,2026-04-03,2026-04-03,6,095340,ISC,69,16284000,3.15
24,2026-04-03,2026-04-03,7,491000,리브스메드,223,14517300,2.81
24,2026-04-03,2026-04-03,8,420770,기가비스,150,12930000,2.5
24,2026-04-03,2026-04-03,9,226950,올릭스,70,12516000,2.42
24,2026-04-03,2026-04-03,10,099320,쎄트렉아이,70,12453000,2.41
24,2026-04-03,2026-04-03,11,000250,삼천당제약,20,12180000,2.36
24,2026-04-03,2026-04-03,12,237690,에스티팜,80,11456000,2.22
24,2026-04-03,2026-04-03,13,196170,알테오젠,31,10912000,2.11
24,2026-04-03,2026-04-03,14,124500,아이티센글로벌,220,10505000,2.03
24,2026-04-03,2026-04-03,15,089970,브이엠,250,10162500,1.97
24,2026-04-03,2026-04-03,16,263750,펄어비스,150,9930000,1.92
24,2026-04-03,2026-04-03,17,0009K0,에임드바이오,200,9830000,1.9
24,2026-04-03,2026-04-03,18,475830,오름테라퓨틱,122,9699000,1.88
24,2026-04-03,2026-04-03,19,240810,원익IPS,87,9509100,1.84
24,2026-04-03,2026-04-03,20,083650,비에이치아이,103,9393600,1.82
24,2026-04-03,2026-04-03,21,295310,에이치브이엠,100,8800000,1.7
24,2026-04-03,2026-04-03,22,218410,RFHIC,100,8640000,1.67
24,2026-04-03,2026-04-03,23,039030,이오테크닉스,20,7950000,1.54
24,2026-04-03,2026-04-03,24,SPECIAL::현금,현금,7804147,7804147,1.51
24,2026-04-03,2026-04-03,25,257720,실리콘투,199,7790850,1.51
24,2026-04-03,2026-04-03,26,327260,RF머트리얼즈,111,7647900,1.48
24,2026-04-03,2026-04-03,27,036930,주성엔지니어링,118,7174400,1.39
24,2026-04-03,2026-04-03,28,067310,하나마이크론,250,7162500,1.39
24,2026-04-03,2026-04-03,29,084370,유진테크,50,6275000,1.21
24,2026-04-03,2026-04-03,30,417200,LS머트리얼즈,312,6196320,1.2
24,2026-04-03,2026-04-03,31,247540,에코프로비엠,30,5907000,1.14
24,2026-04-03,2026-04-03,32,078600,대주전자재료,50,5900000,1.14
24,2026-04-03,2026-04-03,33,347850,디앤디파마텍,80,5552000,1.07
24,2026-04-03,2026-04-03,34,448900,한국피아이엠,50,5535000,1.07
24,2026-04-03,2026-04-03,35,107640,한중엔시에스,120,5508000,1.07
24,2026-04-03,2026-04-03,36,058610,에스피지,50,5390000,1.04
24,2026-04-03,2026-04-03,37,058470,리노공업,50,4955000,0.96
24,2026-04-03,2026-04-03,38,440110,파두,100,4925000,0.95
24,2026-04-03,2026-04-03,39,458870,씨어스테크놀로지,100,4920000,0.95
24,2026-04-03,2026-04-03,40,222800,심텍,100,4895000,0.95
24,2026-04-03,2026-04-03,41,214370,케어젠,45,4783500,0.93
24,2026-04-03,2026-04-03,42,310210,보로노이,16,4512000,0.87
24,2026-04-03,2026-04-03,43,064760,티씨케이,20,4310000,0.83
24,2026-04-03,2026-04-03,44,486990,노타,121,4011150,0.78
24,2026-04-03,2026-04-03,45,441270,파인엠텍,422,4000560,0.77
24,2026-04-03,2026-04-03,46,039200,오스코텍,81,3952800,0.76
24,2026-04-03,2026-04-03,47,281740,레이크머티리얼즈,205,3901150,0.75
24,2026-04-03,2026-04-03,48,131970,두산테스나,39,3790800,0.73
24,2026-04-03,2026-04-03,49,023160,태광,100,3775000,0.73
24,2026-04-03,2026-04-03,50,0088M0,메쥬,99,3663000,0.71
24,2026-04-03,2026-04-03,51,290550,디케이티,201,3624030,0.7
24,2026-04-03,2026-04-03,52,060370,LS마린솔루션,119,3474800,0.67
24,2026-04-03,2026-04-03,53,213420,덕산네오룩스,78,3471000,0.67
24,2026-04-03,2026-04-03,54,098070,한텍,70,3391500,0.66
24,2026-04-03,2026-04-03,55,456160,지투지바이오,50,3380000,0.65
24,2026-04-03,2026-04-03,56,356860,티엘비,50,3310000,0.64
24,2026-04-03,2026-04-03,57,468530,프로티나,50,3220000,0.62
24,2026-04-03,2026-04-03,58,319660,피에스케이,39,3166800,0.61
24,2026-04-03,2026-04-03,59,032820,우리기술,150,3097500,0.6
24,2026-04-03,2026-04-03,60,354320,알멕,56,3052000,0.59
24,2026-04-03,2026-04-03,61,425420,티에프이,50,2910000,0.56
24,2026-04-03,2026-04-03,62,253590,네오셈,197,2903780,0.56
24,2026-04-03,2026-04-03,63,338840,와이바이오로직스,100,2885000,0.56
24,2026-04-03,2026-04-03,64,376900,로킷헬스케어,20,2732000,0.53
24,2026-04-03,2026-04-03,65,319400,현대무벡스,99,2638350,0.51
24,2026-04-03,2026-04-03,66,174900,앱클론,46,2626600,0.51
24,2026-04-03,2026-04-03,67,044490,태웅,53,2350550,0.46
24,2026-04-03,2026-04-03,68,178320,서진시스템,50,2297500,0.44
24,2026-04-03,2026-04-03,69,082920,비츠로셀,49,1896300,0.37
24,2026-04-03,2026-04-03,70,171090,선익시스템,22,1795200,0.35
24,2026-04-03,2026-04-03,71,403870,HPSP,30,1225500,0.24
24,2026-04-03,2026-04-03,72,010170,대한광통신,100,1012000,0.2
24,2026-04-06,2026-04-06,1,298380,에이비엘바이오,200,31360000,6.09
24,2026-04-06,2026-04-06,2,108490,로보티즈,90,22140000,4.3
24,2026-04-06,2026-04-06,3,086520,에코프로,156,22074000,4.29
24,2026-04-06,2026-04-06,4,476830,알지노믹스,100,18420000,3.58
24,2026-04-06,2026-04-06,5,141080,리가켐바이오,98,17150000,3.33
24,2026-04-06,2026-04-06,6,095340,ISC,69,16353000,3.18
24,2026-04-06,2026-04-06,7,491000,리브스메드,223,14651100,2.85
24,2026-04-06,2026-04-06,8,000250,삼천당제약,20,12960000,2.52
24,2026-04-06,2026-04-06,9,420770,기가비스,150,12480000,2.43
24,2026-04-06,2026-04-06,10,099320,쎄트렉아이,70,11718000,2.28
24,2026-04-06,2026-04-06,11,226950,올릭스,70,11480000,2.23
24,2026-04-06,2026-04-06,12,196170,알테오젠,31,11330500,2.2
24,2026-04-06,2026-04-06,13,237690,에스티팜,80,11048000,2.15
24,2026-04-06,2026-04-06,14,089970,브이엠,250,10362500,2.01
24,2026-04-06,2026-04-06,15,124500,아이티센글로벌,220,10241000,1.99
24,2026-04-06,2026-04-06,16,240810,원익IPS,87,9874500,1.92
24,2026-04-06,2026-04-06,17,475830,오름테라퓨틱,122,9735600,1.89
24,2026-04-06,2026-04-06,18,0009K0,에임드바이오,200,9660000,1.88
24,2026-04-06,2026-04-06,19,083650,비에이치아이,103,9527500,1.85
24,2026-04-06,2026-04-06,20,263750,펄어비스,150,9480000,1.84
24,2026-04-06,2026-04-06,21,218410,RFHIC,100,8900000,1.73
24,2026-04-06,2026-04-06,22,295310,에이치브이엠,100,8760000,1.7
24,2026-04-06,2026-04-06,23,327260,RF머트리얼즈,111,8480400,1.65
24,2026-04-06,2026-04-06,24,039030,이오테크닉스,20,7920000,1.54
24,2026-04-06,2026-04-06,25,SPECIAL::현금,현금,7893921,7893921,1.53
24,2026-04-06,2026-04-06,26,257720,실리콘투,199,7820700,1.52
24,2026-04-06,2026-04-06,27,036930,주성엔지니어링,118,7339600,1.43
24,2026-04-06,2026-04-06,28,067310,하나마이크론,250,7225000,1.4
24,2026-04-06,2026-04-06,29,417200,LS머트리얼즈,312,6520800,1.27
24,2026-04-06,2026-04-06,30,078600,대주전자재료,50,6055000,1.18
24,2026-04-06,2026-04-06,31,084370,유진테크,50,5990000,1.16
24,2026-04-06,2026-04-06,32,247540,에코프로비엠,30,5778000,1.12
24,2026-04-06,2026-04-06,33,107640,한중엔시에스,120,5670000,1.1
24,2026-04-06,2026-04-06,34,058470,리노공업,50,5520000,1.07
24,2026-04-06,2026-04-06,35,347850,디앤디파마텍,80,5488000,1.07
24,2026-04-06,2026-04-06,36,058610,에스피지,50,5290000,1.03
24,2026-04-06,2026-04-06,37,448900,한국피아이엠,50,5100000,0.99
24,2026-04-06,2026-04-06,38,440110,파두,100,5050000,0.98
24,2026-04-06,2026-04-06,39,222800,심텍,100,4955000,0.96
24,2026-04-06,2026-04-06,40,214370,케어젠,45,4837500,0.94
24,2026-04-06,2026-04-06,41,458870,씨어스테크놀로지,100,4760000,0.93
24,2026-04-06,2026-04-06,42,310210,보로노이,16,4464000,0.87
24,2026-04-06,2026-04-06,43,064760,티씨케이,20,4250000,0.83
24,2026-04-06,2026-04-06,44,486990,노타,121,4210800,0.82
24,2026-04-06,2026-04-06,45,023160,태광,100,4135000,0.8
24,2026-04-06,2026-04-06,46,441270,파인엠텍,422,3992120,0.78
24,2026-04-06,2026-04-06,47,039200,오스코텍,81,3964950,0.77
24,2026-04-06,2026-04-06,48,281740,레이크머티리얼즈,205,3888850,0.76
24,2026-04-06,2026-04-06,49,131970,두산테스나,39,3693300,0.72
24,2026-04-06,2026-04-06,50,290550,디케이티,201,3603930,0.7
24,2026-04-06,2026-04-06,51,060370,LS마린솔루션,119,3570000,0.69
24,2026-04-06,2026-04-06,52,098070,한텍,70,3451000,0.67
24,2026-04-06,2026-04-06,53,213420,덕산네오룩스,78,3420300,0.67
24,2026-04-06,2026-04-06,54,456160,지투지바이오,50,3340000,0.65
24,2026-04-06,2026-04-06,55,356860,티엘비,50,3275000,0.64
24,2026-04-06,2026-04-06,56,0088M0,메쥬,99,3257100,0.63
24,2026-04-06,2026-04-06,57,032820,우리기술,150,3240000,0.63
24,2026-04-06,2026-04-06,58,354320,알멕,56,3225600,0.63
24,2026-04-06,2026-04-06,59,468530,프로티나,50,3175000,0.62
24,2026-04-06,2026-04-06,60,319660,피에스케이,39,2964000,0.58
24,2026-04-06,2026-04-06,61,425420,티에프이,50,2960000,0.58
24,2026-04-06,2026-04-06,62,253590,네오셈,197,2888020,0.56
24,2026-04-06,2026-04-06,63,376900,로킷헬스케어,20,2840000,0.55
24,2026-04-06,2026-04-06,64,338840,와이바이오로직스,100,2815000,0.55
24,2026-04-06,2026-04-06,65,319400,현대무벡스,99,2702700,0.53
24,2026-04-06,2026-04-06,66,044490,태웅,53,2687100,0.52
24,2026-04-06,2026-04-06,67,174900,앱클론,46,2589800,0.5
24,2026-04-06,2026-04-06,68,178320,서진시스템,50,2260000,0.44
24,2026-04-06,2026-04-06,69,082920,비츠로셀,49,1991850,0.39
24,2026-04-06,2026-04-06,70,171090,선익시스템,22,1854600,0.36
24,2026-04-06,2026-04-06,71,010170,대한광통신,100,1274000,0.25
24,2026-04-06,2026-04-06,72,403870,HPSP,30,1260000,0.25
24,2026-04-07,2026-04-07,1,298380,에이비엘바이오,180,27792000,5.54
24,2026-04-07,2026-04-07,2,086520,에코프로,156,22308000,4.45
24,2026-04-07,2026-04-07,3,108490,로보티즈,89,21493500,4.28
24,2026-04-07,2026-04-07,4,196170,알테오젠,50,18100000,3.61
24,2026-04-07,2026-04-07,5,095340,ISC,68,16320000,3.25
24,2026-04-07,2026-04-07,6,491000,리브스메드,223,14026700,2.8
24,2026-04-07,2026-04-07,7,476830,알지노믹스,80,14008000,2.79
24,2026-04-07,2026-04-07,8,247540,에코프로비엠,60,11994000,2.39
24,2026-04-07,2026-04-07,9,099320,쎄트렉아이,70,11207000,2.23
24,2026-04-07,2026-04-07,10,237690,에스티팜,80,10944000,2.18
24,2026-04-07,2026-04-07,11,226950,올릭스,69,10853700,2.16
24,2026-04-07,2026-04-07,12,SPECIAL::현금,현금,10509234,10509234,2.09
24,2026-04-07,2026-04-07,13,420770,기가비스,130,10491000,2.09
24,2026-04-07,2026-04-07,14,124500,아이티센글로벌,220,10252000,2.04
24,2026-04-07,2026-04-07,15,089970,브이엠,250,9987500,1.99
24,2026-04-07,2026-04-07,16,240810,원익IPS,87,9761400,1.95
24,2026-04-07,2026-04-07,17,083650,비에이치아이,102,9343200,1.86
24,2026-04-07,2026-04-07,18,000250,삼천당제약,15,9270000,1.85
24,2026-04-07,2026-04-07,19,0009K0,에임드바이오,200,9260000,1.85
24,2026-04-07,2026-04-07,20,263750,펄어비스,149,8969800,1.79
24,2026-04-07,2026-04-07,21,327260,RF머트리얼즈,110,8745000,1.74
24,2026-04-07,2026-04-07,22,218410,RFHIC,100,8450000,1.68
24,2026-04-07,2026-04-07,23,141080,리가켐바이오,50,8310000,1.66
24,2026-04-07,2026-04-07,24,078600,대주전자재료,70,8295000,1.65
24,2026-04-07,2026-04-07,25,295310,에이치브이엠,99,8098200,1.61
24,2026-04-07,2026-04-07,26,475830,오름테라퓨틱,100,7610000,1.52
24,2026-04-07,2026-04-07,27,257720,실리콘투,199,7512250,1.5
24,2026-04-07,2026-04-07,28,039030,이오테크닉스,19,7505000,1.5
24,2026-04-07,2026-04-07,29,067310,하나마이크론,250,7225000,1.44
24,2026-04-07,2026-04-07,30,036930,주성엔지니어링,100,6100000,1.22
24,2026-04-07,2026-04-07,31,417200,LS머트리얼즈,311,6095600,1.22
24,2026-04-07,2026-04-07,32,084370,유진테크,50,5920000,1.18
24,2026-04-07,2026-04-07,33,023160,태광,130,5694000,1.14
24,2026-04-07,2026-04-07,34,107640,한중엔시에스,120,5664000,1.13
24,2026-04-07,2026-04-07,35,222800,심텍,99,5395500,1.08
24,2026-04-07,2026-04-07,36,347850,디앤디파마텍,80,5304000,1.06
24,2026-04-07,2026-04-07,37,058470,리노공업,50,5275000,1.05
24,2026-04-07,2026-04-07,38,058610,에스피지,50,5175000,1.03
24,2026-04-07,2026-04-07,39,440110,파두,100,5040000,1.0
24,2026-04-07,2026-04-07,40,044490,태웅,100,5020000,1.0
24,2026-04-07,2026-04-07,41,458870,씨어스테크놀로지,100,4505000,0.9
24,2026-04-07,2026-04-07,42,448900,한국피아이엠,50,4440000,0.89
24,2026-04-07,2026-04-07,43,310210,보로노이,15,4080000,0.81
24,2026-04-07,2026-04-07,44,486990,노타,120,4062000,0.81
24,2026-04-07,2026-04-07,45,281740,레이크머티리얼즈,204,4002480,0.8
24,2026-04-07,2026-04-07,46,214370,케어젠,45,3996000,0.8
24,2026-04-07,2026-04-07,47,098070,한텍,80,3948000,0.79
24,2026-04-07,2026-04-07,48,441270,파인엠텍,422,3848640,0.77
24,2026-04-07,2026-04-07,49,039200,오스코텍,80,3800000,0.76
24,2026-04-07,2026-04-07,50,131970,두산테스나,39,3634800,0.72
24,2026-04-07,2026-04-07,51,290550,디케이티,200,3542000,0.71
24,2026-04-07,2026-04-07,52,060370,LS마린솔루션,118,3498700,0.7
24,2026-04-07,2026-04-07,53,213420,덕산네오룩스,78,3404700,0.68
24,2026-04-07,2026-04-07,54,356860,티엘비,49,3287900,0.66
24,2026-04-07,2026-04-07,55,456160,지투지바이오,50,3275000,0.65
24,2026-04-07,2026-04-07,56,178320,서진시스템,70,3202500,0.64
24,2026-04-07,2026-04-07,57,032820,우리기술,150,3090000,0.62
24,2026-04-07,2026-04-07,58,354320,알멕,56,3080000,0.61
24,2026-04-07,2026-04-07,59,253590,네오셈,197,2994400,0.6
24,2026-04-07,2026-04-07,60,319660,피에스케이,39,2952300,0.59
24,2026-04-07,2026-04-07,61,468530,프로티나,50,2950000,0.59
24,2026-04-07,2026-04-07,62,010170,대한광통신,200,2718000,0.54
24,2026-04-07,2026-04-07,63,425420,티에프이,49,2714600,0.54
24,2026-04-07,2026-04-07,64,319400,현대무벡스,99,2574000,0.51
24,2026-04-07,2026-04-07,65,338840,와이바이오로직스,99,2484900,0.5
24,2026-04-07,2026-04-07,66,174900,앱클론,46,2304600,0.46
24,2026-04-07,2026-04-07,67,064760,티씨케이,10,2105000,0.42
24,2026-04-07,2026-04-07,68,014620,성광벤드,50,2015000,0.4
24,2026-04-07,2026-04-07,69,376900,로킷헬스케어,19,1996900,0.4
24,2026-04-07,2026-04-07,70,082920,비츠로셀,49,1893850,0.38
24,2026-04-07,2026-04-07,71,171090,선익시스템,21,1890000,0.38
24,2026-04-07,2026-04-07,72,011930,신성이엔지,500,1787500,0.36
24,2026-04-07,2026-04-07,73,403870,HPSP,29,1206400,0.24
24,2026-04-07,2026-04-07,74,0088M0,메쥬,40,1200000,0.24
24,2026-04-08,2026-04-08,1,095340,ISC,180,43020000,8.71
24,2026-04-08,2026-04-08,2,086520,에코프로,249,36055200,7.3
24,2026-04-08,2026-04-08,3,247540,에코프로비엠,150,30225000,6.12
24,2026-04-08,2026-04-08,4,196170,알테오젠,80,28320000,5.73
24,2026-04-08,2026-04-08,5,058470,리노공업,200,21940000,4.44
24,2026-04-08,2026-04-08,6,082920,비츠로셀,390,14800500,3.0
24,2026-04-08,2026-04-08,7,010170,대한광통신,1152,14561280,2.95
24,2026-04-08,2026-04-08,8,257720,실리콘투,370,14393000,2.91
24,2026-04-08,2026-04-08,9,491000,리브스메드,223,14182800,2.87
24,2026-04-08,2026-04-08,10,347700,스피어,350,14175000,2.87
24,2026-04-08,2026-04-08,11,440110,파두,300,14100000,2.85
24,2026-04-08,2026-04-08,12,476830,알지노믹스,79,13935600,2.82
24,2026-04-08,2026-04-08,13,028300,HLB,244,12736800,2.58
24,2026-04-08,2026-04-08,14,SPECIAL::현금,현금,12348582,12348582,2.5
24,2026-04-08,2026-04-08,15,099320,쎄트렉아이,70,11298000,2.29
24,2026-04-08,2026-04-08,16,237690,에스티팜,80,10960000,2.22
24,2026-04-08,2026-04-08,17,277810,레인보우로보틱스,20,10900000,2.21
24,2026-04-08,2026-04-08,18,226950,올릭스,69,10798500,2.19
24,2026-04-08,2026-04-08,19,240810,원익IPS,87,9926700,2.01
24,2026-04-08,2026-04-08,20,124500,아이티센글로벌,220,9625000,1.95
24,2026-04-08,2026-04-08,21,083650,비에이치아이,102,9159600,1.85
24,2026-04-08,2026-04-08,22,0009K0,에임드바이오,200,9060000,1.83
24,2026-04-08,2026-04-08,23,263750,펄어비스,149,8552600,1.73
24,2026-04-08,2026-04-08,24,141080,리가켐바이오,49,8344700,1.69
24,2026-04-08,2026-04-08,25,218410,RFHIC,100,8280000,1.68
24,2026-04-08,2026-04-08,26,078600,대주전자재료,70,7938000,1.61
24,2026-04-08,2026-04-08,27,039030,이오테크닉스,19,7828000,1.58
24,2026-04-08,2026-04-08,28,108490,로보티즈,29,6757000,1.37
24,2026-04-08,2026-04-08,29,403870,HPSP,150,6247500,1.26
24,2026-04-08,2026-04-08,30,357780,솔브레인,16,6104000,1.24
24,2026-04-08,2026-04-08,31,036930,주성엔지니어링,100,6050000,1.22
24,2026-04-08,2026-04-08,32,145020,휴젤,25,6012500,1.22
24,2026-04-08,2026-04-08,33,084370,유진테크,50,6005000,1.22
24,2026-04-08,2026-04-08,34,222800,심텍,99,5732100,1.16
24,2026-04-08,2026-04-08,35,347850,디앤디파마텍,80,5408000,1.1
24,2026-04-08,2026-04-08,36,058610,에스피지,50,5195000,1.05
24,2026-04-08,2026-04-08,37,000250,삼천당제약,10,5190000,1.05
24,2026-04-08,2026-04-08,38,298380,에이비엘바이오,30,4614000,0.93
24,2026-04-08,2026-04-08,39,310210,보로노이,15,4095000,0.83
24,2026-04-08,2026-04-08,40,486990,노타,120,4056000,0.82
24,2026-04-08,2026-04-08,41,214370,케어젠,45,3690000,0.75
24,2026-04-08,2026-04-08,42,319660,피에스케이,39,3030300,0.61
24,2026-04-08,2026-04-08,43,032820,우리기술,150,2992500,0.61
24,2026-04-08,2026-04-08,44,178320,서진시스템,69,2939400,0.6
24,2026-04-08,2026-04-08,45,319400,현대무벡스,99,2499750,0.51
24,2026-04-09,2026-04-09,1,095340,ISC,170,43690000,8.42
24,2026-04-09,2026-04-09,2,086520,에코프로,248,37968800,7.32
24,2026-04-09,2026-04-09,3,247540,에코프로비엠,148,30858000,5.95
24,2026-04-09,2026-04-09,4,196170,알테오젠,79,29585500,5.71
24,2026-04-09,2026-04-09,5,058470,리노공업,199,23243200,4.48
24,2026-04-09,2026-04-09,6,440110,파두,300,17100000,3.3
24,2026-04-09,2026-04-09,7,010170,대한광통신,1152,16922880,3.26
24,2026-04-09,2026-04-09,8,347700,스피어,350,15925000,3.07
24,2026-04-09,2026-04-09,9,257720,실리콘투,369,15221250,2.94
24,2026-04-09,2026-04-09,10,082920,비츠로셀,390,15151500,2.92
24,2026-04-09,2026-04-09,11,491000,리브스메드,223,14851800,2.86
24,2026-04-09,2026-04-09,12,476830,알지노믹스,79,14757200,2.85
24,2026-04-09,2026-04-09,13,028300,HLB,244,13395600,2.58
24,2026-04-09,2026-04-09,14,277810,레인보우로보틱스,20,12120000,2.34
24,2026-04-09,2026-04-09,15,099320,쎄트렉아이,70,12033000,2.32
24,2026-04-09,2026-04-09,16,226950,올릭스,69,11316000,2.18
24,2026-04-09,2026-04-09,17,237690,에스티팜,80,11200000,2.16
24,2026-04-09,2026-04-09,18,124500,아이티센글로벌,220,10681000,2.06
24,2026-04-09,2026-04-09,19,240810,원익IPS,87,10561800,2.04
24,2026-04-09,2026-04-09,20,083650,비에이치아이,102,9659400,1.86
24,2026-04-09,2026-04-09,21,0009K0,에임드바이오,200,9610000,1.85
24,2026-04-09,2026-04-09,22,141080,리가켐바이오,49,8609300,1.66
24,2026-04-09,2026-04-09,23,218410,RFHIC,100,8510000,1.64
24,2026-04-09,2026-04-09,24,263750,펄어비스,149,8418500,1.62
24,2026-04-09,2026-04-09,25,039030,이오테크닉스,19,8398000,1.62
24,2026-04-09,2026-04-09,26,078600,대주전자재료,70,8190000,1.58
24,2026-04-09,2026-04-09,27,108490,로보티즈,29,7424000,1.43
24,2026-04-09,2026-04-09,28,SPECIAL::현금,현금,7291894,7291894,1.41
24,2026-04-09,2026-04-09,29,403870,HPSP,149,6839100,1.32
24,2026-04-09,2026-04-09,30,036930,주성엔지니어링,100,6800000,1.31
24,2026-04-09,2026-04-09,31,222800,심텍,99,6732000,1.3
24,2026-04-09,2026-04-09,32,084370,유진테크,50,6680000,1.29
24,2026-04-09,2026-04-09,33,357780,솔브레인,16,6592000,1.27
24,2026-04-09,2026-04-09,34,145020,휴젤,25,6212500,1.2
24,2026-04-09,2026-04-09,35,058610,에스피지,50,5690000,1.1
24,2026-04-09,2026-04-09,36,347850,디앤디파마텍,80,5584000,1.08
24,2026-04-09,2026-04-09,37,298380,에이비엘바이오,29,4593600,0.89
24,2026-04-09,2026-04-09,38,486990,노타,120,4206000,0.81
24,2026-04-09,2026-04-09,39,310210,보로노이,15,4200000,0.81
24,2026-04-09,2026-04-09,40,214370,케어젠,45,3897000,0.75
24,2026-04-09,2026-04-09,41,032820,우리기술,150,3547500,0.68
24,2026-04-09,2026-04-09,42,319660,피에스케이,39,3311100,0.64
24,2026-04-09,2026-04-09,43,178320,서진시스템,69,3060150,0.59
24,2026-04-09,2026-04-09,44,319400,현대무벡스,99,2890800,0.56
24,2026-04-09,2026-04-09,45,458870,씨어스테크놀로지,60,2664000,0.51
24,2026-04-09,2026-04-09,46,000250,삼천당제약,5,2425000,0.47
24,2026-04-10,2026-04-10,1,095340,ISC,170,46070000,9.0
24,2026-04-10,2026-04-10,2,086520,에코프로,248,36927200,7.21
24,2026-04-10,2026-04-10,3,247540,에코프로비엠,148,30488000,5.95
24,2026-04-10,2026-04-10,4,196170,알테오젠,79,29230000,5.71
24,2026-04-10,2026-04-10,5,058470,리노공업,199,22506900,4.39
24,2026-04-10,2026-04-10,6,440110,파두,300,16350000,3.19
24,2026-04-10,2026-04-10,7,010170,대한광통신,1152,16335360,3.19
24,2026-04-10,2026-04-10,8,082920,비츠로셀,390,16204500,3.16
24,2026-04-10,2026-04-10,9,257720,실리콘투,369,15885450,3.1
24,2026-04-10,2026-04-10,10,476830,알지노믹스,79,14765100,2.88
24,2026-04-10,2026-04-10,11,347700,스피어,350,14630000,2.86
24,2026-04-10,2026-04-10,12,491000,리브스메드,223,13714500,2.68
24,2026-04-10,2026-04-10,13,028300,HLB,244,13639600,2.66
24,2026-04-10,2026-04-10,14,277810,레인보우로보틱스,20,11580000,2.26
24,2026-04-10,2026-04-10,15,237690,에스티팜,80,11288000,2.2
24,2026-04-10,2026-04-10,16,099320,쎄트렉아이,70,11116000,2.17
24,2026-04-10,2026-04-10,17,226950,올릭스,69,11095200,2.17
24,2026-04-10,2026-04-10,18,124500,아이티센글로벌,220,10945000,2.14
24,2026-04-10,2026-04-10,19,240810,원익IPS,87,10274700,2.01
24,2026-04-10,2026-04-10,20,SPECIAL::현금,현금,9735187,9735187,1.9
24,2026-04-10,2026-04-10,21,083650,비에이치아이,102,9435000,1.84
24,2026-04-10,2026-04-10,22,0009K0,에임드바이오,200,9260000,1.81
24,2026-04-10,2026-04-10,23,141080,리가켐바이오,49,8834700,1.73
24,2026-04-10,2026-04-10,24,218410,RFHIC,100,8580000,1.68
24,2026-04-10,2026-04-10,25,263750,펄어비스,149,8418500,1.64
24,2026-04-10,2026-04-10,26,078600,대주전자재료,70,8162000,1.59
24,2026-04-10,2026-04-10,27,039030,이오테크닉스,19,8103500,1.58
24,2026-04-10,2026-04-10,28,108490,로보티즈,29,7221000,1.41
24,2026-04-10,2026-04-10,29,222800,심텍,99,6771600,1.32
24,2026-04-10,2026-04-10,30,403870,HPSP,149,6660300,1.3
24,2026-04-10,2026-04-10,31,357780,솔브레인,16,6416000,1.25
24,2026-04-10,2026-04-10,32,036930,주성엔지니어링,100,6380000,1.25
24,2026-04-10,2026-04-10,33,084370,유진테크,50,6350000,1.24
24,2026-04-10,2026-04-10,34,145020,휴젤,25,6250000,1.22
24,2026-04-10,2026-04-10,35,347850,디앤디파마텍,80,5496000,1.07
24,2026-04-10,2026-04-10,36,058610,에스피지,50,5400000,1.05
24,2026-04-10,2026-04-10,37,298380,에이비엘바이오,29,4512400,0.88
24,2026-04-10,2026-04-10,38,310210,보로노이,15,4230000,0.83
24,2026-04-10,2026-04-10,39,486990,노타,120,4062000,0.79
24,2026-04-10,2026-04-10,40,214370,케어젠,45,3793500,0.74
24,2026-04-10,2026-04-10,41,032820,우리기술,150,3292500,0.64
24,2026-04-10,2026-04-10,42,319660,피에스케이,39,3248700,0.63
24,2026-04-10,2026-04-10,43,178320,서진시스템,69,3022200,0.59
24,2026-04-10,2026-04-10,44,319400,현대무벡스,99,2979900,0.58
24,2026-04-10,2026-04-10,45,000250,삼천당제약,5,2520000,0.49
24,2026-04-13,2026-04-13,1,095340,ISC,170,43775000,8.46
24,2026-04-13,2026-04-13,2,086520,에코프로,248,36307200,7.01
24,2026-04-13,2026-04-13,3,247540,에코프로비엠,148,29822000,5.76
24,2026-04-13,2026-04-13,4,196170,알테오젠,79,28558500,5.52
24,2026-04-13,2026-04-13,5,058470,리노공업,199,22248200,4.3
24,2026-04-13,2026-04-13,6,010170,대한광통신,1152,20471040,3.95
24,2026-04-13,2026-04-13,7,082920,비츠로셀,390,17647500,3.41
24,2026-04-13,2026-04-13,8,440110,파두,300,16710000,3.23
24,2026-04-13,2026-04-13,9,257720,실리콘투,369,15737850,3.04
24,2026-04-13,2026-04-13,10,476830,알지노믹스,79,14891500,2.88
24,2026-04-13,2026-04-13,11,491000,리브스메드,223,14405800,2.78
24,2026-04-13,2026-04-13,12,028300,HLB,244,13859200,2.68
24,2026-04-13,2026-04-13,13,347700,스피어,350,13807500,2.67
24,2026-04-13,2026-04-13,14,277810,레인보우로보틱스,20,11780000,2.28
24,2026-04-13,2026-04-13,15,237690,에스티팜,80,11464000,2.21
24,2026-04-13,2026-04-13,16,124500,아이티센글로벌,220,11440000,2.21
24,2026-04-13,2026-04-13,17,226950,올릭스,69,11371200,2.2
24,2026-04-13,2026-04-13,18,240810,원익IPS,87,10622700,2.05
24,2026-04-13,2026-04-13,19,099320,쎄트렉아이,70,10556000,2.04
24,2026-04-13,2026-04-13,20,SPECIAL::현금,현금,10039673,10039673,1.94
24,2026-04-13,2026-04-13,21,0009K0,에임드바이오,200,9510000,1.84
24,2026-04-13,2026-04-13,22,083650,비에이치아이,102,9282000,1.79
24,2026-04-13,2026-04-13,23,141080,리가켐바이오,49,9221800,1.78
24,2026-04-13,2026-04-13,24,218410,RFHIC,100,9190000,1.78
24,2026-04-13,2026-04-13,25,078600,대주전자재료,70,8666000,1.67
24,2026-04-13,2026-04-13,26,039030,이오테크닉스,19,8512000,1.64
24,2026-04-13,2026-04-13,27,263750,펄어비스,149,8284400,1.6
24,2026-04-13,2026-04-13,28,108490,로보티즈,29,7119500,1.38
24,2026-04-13,2026-04-13,29,357780,솔브레인,16,6872000,1.33
24,2026-04-13,2026-04-13,30,403870,HPSP,149,6786950,1.31
24,2026-04-13,2026-04-13,31,222800,심텍,99,6741900,1.3
24,2026-04-13,2026-04-13,32,145020,휴젤,25,6375000,1.23
24,2026-04-13,2026-04-13,33,036930,주성엔지니어링,100,6340000,1.23
24,2026-04-13,2026-04-13,34,084370,유진테크,50,6320000,1.22
24,2026-04-13,2026-04-13,35,347850,디앤디파마텍,80,5920000,1.14
24,2026-04-13,2026-04-13,36,058610,에스피지,50,5370000,1.04
24,2026-04-13,2026-04-13,37,298380,에이비엘바이오,29,4573300,0.88
24,2026-04-13,2026-04-13,38,310210,보로노이,15,4305000,0.83
24,2026-04-13,2026-04-13,39,486990,노타,120,3978000,0.77
24,2026-04-13,2026-04-13,40,214370,케어젠,45,3852000,0.74
24,2026-04-13,2026-04-13,41,319660,피에스케이,39,3182400,0.62
24,2026-04-13,2026-04-13,42,032820,우리기술,150,3150000,0.61
24,2026-04-13,2026-04-13,43,178320,서진시스템,69,3122250,0.6
24,2026-04-13,2026-04-13,44,319400,현대무벡스,99,2994750,0.58
24,2026-04-13,2026-04-13,45,000250,삼천당제약,5,2525000,0.49
